#File written by RizomUV 2025.0.114.g8a62243e. Compilation :Jan 19 2026,15:31:45
#begin vertices
v 128.4557 31.28222 835.2154
v 769.7871 31.28222 835.2154
v 128.4557 31.28221 783.3904
v 769.7871 31.28221 783.3904
v 128.4557 19.98397 835.2154
v 769.7871 19.98397 835.2154
v 128.4557 19.98397 783.3904
v 769.7871 19.98397 783.3904
v 158.985 15.87544 746.5508
v 158.985 15.87544 872.0549
v 158.985 4.577191 872.0549
v 158.985 4.577191 746.5508
v 739.9879 15.87544 746.5508
v 739.9879 15.87544 872.0549
v 739.9879 4.57719 872.0549
v 739.9879 4.577191 746.5508
v 200.1149 3.550019 732.1788
v 200.1149 3.550018 886.4269
v 200.1149 -7.748228 886.4269
v 200.1149 -7.748228 732.1788
v 696.7245 3.550018 886.4269
v 696.7245 3.550019 732.1788
v 696.7245 -7.748228 732.1788
v 696.7245 -7.748229 886.4269
v 222.3754 -1.918336e-15 886.4269
v 674.464 -1.918336e-15 886.4269
v 222.3754 -11.29825 732.1788
v 674.464 -11.29825 732.1788
v 674.464 7.526637e-15 732.1788
v 222.3754 7.526638e-15 732.1788
v 674.464 -11.29825 886.4269
v 222.3754 -11.29825 886.4269
v 132.0994 29.44342 833.613
v 161.0721 14.95794 868.5084
v 200.7518 3.359144 882.3456
v 222.3754 5.527281e-09 882.3456
v 674.464 6.08001e-09 882.3456
v 696.1128 3.375726 882.3456
v 737.9066 14.9483 868.491
v 766.1617 29.40778 833.6355
v 766.1617 29.40778 784.9702
v 737.9066 14.9483 750.1148
v 696.1128 3.375726 736.2602
v 674.464 -6.080005e-09 736.2602
v 222.3754 -5.527276e-09 736.2602
v 200.7518 3.359145 736.2602
v 161.0721 14.95795 750.0974
v 132.0994 29.44342 784.9927
v 662.5973 -17.5621 838.9008
v 581.7989 -17.5621 838.9008
v 664.0604 -11.14261 838.9007
v 580.8639 -11.14261 838.9008
v 662.5973 -17.56211 780.1883
v 581.7989 -17.56211 780.1883
v 664.0604 -11.14262 780.1883
v 580.8639 -11.14262 780.1883
v 581.7989 -17.5621 822.8906
v 581.7989 -17.56211 796.1985
v 662.5973 -17.56211 796.1985
v 662.5973 -17.5621 822.8906
v 580.8639 -11.14261 822.8906
v 580.8639 -11.14262 796.1985
v 664.0604 -11.14261 822.8906
v 664.0604 -11.14262 796.1985
v 654.1385 -17.56211 780.1883
v 655.3506 -11.14262 780.1883
v 655.3506 -11.14262 796.1985
v 655.3506 -11.14261 822.8906
v 655.3506 -11.14261 838.9007
v 654.1385 -17.5621 838.9008
v 654.1385 -17.5621 822.8906
v 654.1385 -17.56211 796.1985
v 586.4127 -17.56211 780.1883
v 585.6146 -11.14262 780.1883
v 585.6146 -11.14262 796.1985
v 585.6146 -11.14261 822.8906
v 585.6146 -11.14261 838.9008
v 586.4127 -17.5621 838.9008
v 586.4127 -17.5621 822.8906
v 586.4127 -17.56211 796.1985
v 648.2102 -30.17338 820.1604
v 593.2899 -37.63744 820.1604
v 593.2899 -37.63744 798.9287
v 648.2102 -30.17338 798.9287
v 630.6362 -27.83263 798.9287
v 630.6362 -27.83262 820.1604
v 633.0103 -17.5621 822.8906
v 633.0103 -17.5621 838.9008
v 633.5953 -11.14261 838.9008
v 633.5953 -11.14261 822.8906
v 633.5953 -11.14262 796.1985
v 633.5953 -11.14262 780.1883
v 633.0103 -17.56211 780.1883
v 633.0103 -17.56211 796.1985
v 610.4564 -32.09562 798.9287
v 610.4564 -32.09562 820.1604
v 613.6616 -17.5621 822.8906
v 613.6616 -17.5621 838.9008
v 613.6722 -11.14261 838.9008
v 613.6722 -11.14261 822.8906
v 613.6722 -11.14262 796.1985
v 613.6722 -11.14262 780.1883
v 613.6616 -17.56211 780.1883
v 613.6616 -17.56211 796.1985
v 641.8187 -47.63097 820.6664
v 600.1309 -59.5709 820.6664
v 626.7877 -36.17925 820.6664
v 594.838 -45.28507 820.6664
v 641.8187 -47.63097 797.7885
v 600.1309 -59.5709 797.7885
v 626.7876 -36.17925 797.7885
v 594.838 -45.28507 797.7885
v 608.8337 -64.18259 797.7885
v 600.9269 -43.54969 797.7885
v 600.9269 -43.54969 820.6664
v 608.8337 -64.18259 820.6664
v 632.5092 -26.80503 818.2281
v 646.3372 -28.64683 818.2281
v 646.3372 -28.64683 800.2268
v 632.5092 -26.80503 800.2268
v 623.3711 -56.88783 797.7885
v 612.3245 -40.30133 797.7885
v 612.3245 -40.30133 820.6664
v 623.3711 -56.88783 820.6664
v 633.7586 -70.57501 801.2041
v 646.698 -64.08216 801.2041
v 646.698 -64.08216 817.2508
v 633.7586 -70.57501 817.2508
v 633.342 -70.7841 797.7885
v 649.4521 -62.70016 797.7885
v 649.4521 -62.70015 820.6664
v 633.342 -70.7841 820.6664
v 593.309 -33.48103 809.6877
v 597.9737 -31.78322 801.0897
v 607.3031 -28.38759 801.0897
v 611.9678 -26.68978 809.6877
v 607.3031 -28.38759 818.2857
v 597.9737 -31.78322 818.2857
v 606.1465 -69.76506 809.6877
v 610.8112 -68.06724 801.0897
v 620.1406 -64.67162 801.0897
v 624.8053 -62.97381 809.6877
v 620.1406 -64.67162 818.2857
v 610.8112 -68.06725 818.2857
v 629.3496 -65.41733 882.5335
v 630.6497 -60.5652 882.5335
v 634.2017 -57.0132 882.5335
v 639.0538 -55.71308 882.5335
v 643.906 -57.0132 882.5335
v 647.458 -60.5652 882.5335
v 648.7581 -65.41733 882.5335
v 647.458 -70.26945 882.5335
v 643.906 -73.82145 882.5335
v 639.0538 -75.12158 882.5335
v 634.2017 -73.82146 882.5335
v 630.6497 -70.26946 882.5335
v 629.3496 -65.41735 736.2092
v 630.6497 -60.56522 736.2092
v 634.2017 -57.01322 736.2092
v 639.0538 -55.7131 736.2092
v 643.9059 -57.01322 736.2092
v 647.4579 -60.56522 736.2092
v 648.7581 -65.41735 736.2092
v 647.4579 -70.26947 736.2092
v 643.9059 -73.82147 736.2092
v 639.0538 -75.1216 736.2092
v 634.2017 -73.82148 736.2092
v 630.6497 -70.26948 736.2092
v 633.238 -62.05957 885.4672
v 632.3383 -65.41733 885.4672
v 633.238 -68.77509 885.4672
v 635.6961 -71.23313 885.4672
v 639.0538 -72.13284 885.4672
v 642.4116 -71.23313 885.4672
v 644.8696 -68.77508 885.4672
v 645.7693 -65.41733 885.4672
v 644.8696 -62.05957 885.4672
v 642.4116 -59.60152 885.4672
v 639.0538 -58.70182 885.4672
v 635.6961 -59.60152 885.4672
v 632.3383 -65.41735 733.596
v 633.238 -62.05959 733.596
v 635.6961 -59.60155 733.596
v 639.0538 -58.70184 733.596
v 642.4116 -59.60155 733.596
v 644.8696 -62.05959 733.596
v 645.7693 -65.41735 733.596
v 644.8696 -68.7751 733.596
v 642.4116 -71.23315 733.596
v 639.0538 -72.13286 733.596
v 635.6961 -71.23316 733.596
v 633.238 -68.77511 733.596
v 652.8675 -65.14637 885.6193
v 651.0108 -58.21719 885.6193
v 645.9383 -53.14468 885.6193
v 639.0092 -51.28801 885.6193
v 632.08 -53.14468 885.6193
v 627.0075 -58.21719 885.6193
v 625.1508 -65.14637 885.6193
v 627.0075 -72.07555 885.6193
v 632.08 -77.14806 885.6193
v 639.0092 -79.00473 885.6193
v 645.9383 -77.14807 885.6193
v 651.0108 -72.07556 885.6193
v 656.7434 -54.90749 858.5291
v 659.4869 -65.14636 858.529
v 656.7434 -75.38524 858.529
v 649.248 -82.88061 858.529
v 639.0091 -85.6241 858.529
v 628.7703 -82.8806 858.5291
v 621.2749 -75.38523 858.5291
v 618.5314 -65.14636 858.5291
v 621.2749 -54.90749 858.5291
v 628.7703 -47.41212 858.5291
v 639.0092 -44.66862 858.5291
v 649.248 -47.41212 858.5291
v 650.4689 -58.53009 863.999
v 652.2417 -65.14636 863.999
v 650.4689 -71.76264 863.999
v 645.6254 -76.60609 863.999
v 639.0091 -78.37891 863.999
v 632.3929 -76.60608 863.999
v 627.5494 -71.76263 863.999
v 625.7766 -65.14636 863.999
v 627.5494 -58.53009 863.999
v 632.3929 -53.68664 863.999
v 639.0092 -51.91382 863.999
v 645.6254 -53.68664 863.999
v 650.16 -65.14637 877.8079
v 648.666 -59.57097 877.8079
v 644.5846 -55.48948 877.8079
v 639.0092 -53.99556 877.8079
v 633.4338 -55.48948 877.8079
v 629.3523 -59.57097 877.8079
v 627.8583 -65.14637 877.8079
v 629.3523 -70.72177 877.8079
v 633.4338 -74.80325 877.8079
v 639.0092 -76.29718 877.8079
v 644.5846 -74.80325 877.8079
v 648.666 -70.72178 877.8079
v 664.4464 -50.46018 861.3183
v 666.0087 -49.55819 865.468
v 659.6413 -53.23438 859.7239
v 668.3815 -65.14636 861.3183
v 662.8331 -65.14636 859.7239
v 670.1855 -65.14636 865.468
v 653.6953 -39.70915 861.3183
v 654.5973 -38.14686 865.468
v 650.9211 -44.5142 859.7239
v 639.0092 -35.774 861.3183
v 639.0092 -33.97003 865.468
v 639.0092 -41.3224 859.7239
v 624.323 -39.70915 861.3183
v 623.421 -38.14686 865.468
v 627.0972 -44.51421 859.7239
v 613.5719 -50.46018 861.3183
v 612.0097 -49.55819 865.468
v 618.377 -53.23438 859.7239
v 609.6368 -65.14636 861.3183
v 607.8328 -65.14636 865.468
v 615.1852 -65.14636 859.7239
v 613.5719 -79.83254 861.3183
v 612.0097 -80.73453 865.468
v 618.377 -77.05834 859.7239
v 624.323 -90.58357 861.3183
v 623.421 -92.14586 865.468
v 627.0972 -85.77851 859.7239
v 639.0091 -94.51873 861.3183
v 639.0091 -96.3227 865.468
v 639.0091 -88.97032 859.7239
v 653.6953 -90.58358 861.3183
v 654.5973 -92.14587 865.468
v 650.9211 -85.77853 859.7239
v 664.4464 -79.83256 861.3183
v 666.0086 -80.73455 865.468
v 659.6413 -77.05836 859.7239
v 668.3815 -65.14637 882.493
v 670.1855 -65.14637 878.3176
v 662.8331 -65.14637 884.4244
v 664.4464 -50.46018 882.493
v 659.6413 -53.23439 884.4244
v 666.0087 -49.5582 878.3177
v 653.6953 -39.70915 882.4931
v 650.9211 -44.51421 884.4244
v 654.5973 -38.14687 878.3177
v 639.0092 -35.774 882.4931
v 639.0092 -41.32241 884.4244
v 639.0092 -33.97003 878.3177
v 624.323 -39.70915 882.4931
v 627.0972 -44.51421 884.4244
v 623.421 -38.14687 878.3177
v 613.5719 -50.46018 882.4931
v 618.377 -53.23438 884.4244
v 612.0097 -49.5582 878.3177
v 609.6368 -65.14636 882.4931
v 615.1852 -65.14636 884.4244
v 607.8328 -65.14636 878.3177
v 613.5719 -79.83254 882.4931
v 618.377 -77.05834 884.4244
v 612.0097 -80.73453 878.3177
v 624.323 -90.58357 882.493
v 627.0972 -85.77852 884.4244
v 623.421 -92.14586 878.3177
v 639.0091 -94.51873 882.493
v 639.0091 -88.97033 884.4244
v 639.0091 -96.3227 878.3177
v 653.6953 -90.58359 882.493
v 650.9211 -85.77853 884.4244
v 654.5973 -92.14587 878.3176
v 664.4464 -79.83257 882.493
v 659.6413 -77.05836 884.4244
v 666.0086 -80.73455 878.3176
v 591.3992 -16.04768 788.158
v 594.4442 -16.04768 793.4321
v 600.5343 -16.04768 793.4321
v 603.5793 -16.04768 788.158
v 600.5343 -16.04768 782.8838
v 594.4442 -16.04768 782.8838
v 594.4442 -19.85763 793.4321
v 591.3992 -19.85763 788.158
v 600.5343 -19.85763 793.4321
v 603.5793 -19.85763 788.158
v 600.5343 -19.85763 782.8838
v 594.4442 -19.85763 782.8838
v 595.2846 -21.31327 784.3394
v 599.6939 -21.31327 784.3394
v 601.8985 -21.31327 788.158
v 599.6939 -21.31327 791.9765
v 595.2846 -21.31327 791.9765
v 593.08 -21.31327 788.158
v 638.9072 -16.04768 788.158
v 641.9522 -16.04768 793.4321
v 648.0423 -16.04768 793.4321
v 651.0873 -16.04768 788.158
v 648.0423 -16.04768 782.8838
v 641.9522 -16.04768 782.8838
v 641.9522 -19.85763 793.4321
v 638.9072 -19.85763 788.158
v 648.0423 -19.85763 793.4321
v 651.0873 -19.85763 788.158
v 648.0423 -19.85763 782.8838
v 641.9522 -19.85763 782.8838
v 642.7926 -21.31327 784.3394
v 647.2019 -21.31327 784.3394
v 649.4065 -21.31327 788.158
v 647.2019 -21.31327 791.9765
v 642.7926 -21.31327 791.9765
v 640.588 -21.31327 788.158
v 591.3992 -16.04768 830.543
v 594.4442 -16.04768 835.8172
v 600.5343 -16.04768 835.8172
v 603.5793 -16.04768 830.543
v 600.5343 -16.04768 825.2689
v 594.4442 -16.04768 825.2689
v 594.4442 -19.85763 835.8172
v 591.3992 -19.85763 830.543
v 600.5343 -19.85763 835.8172
v 603.5793 -19.85763 830.543
v 600.5343 -19.85763 825.2689
v 594.4442 -19.85763 825.2689
v 595.2846 -21.31327 826.7245
v 599.6939 -21.31327 826.7245
v 601.8985 -21.31327 830.543
v 599.6939 -21.31327 834.3616
v 595.2846 -21.31327 834.3616
v 593.08 -21.31327 830.543
v 638.9072 -16.04768 830.543
v 641.9522 -16.04768 835.8172
v 648.0423 -16.04768 835.8172
v 651.0873 -16.04768 830.543
v 648.0423 -16.04768 825.2689
v 641.9522 -16.04768 825.2689
v 641.9522 -19.85763 835.8172
v 638.9072 -19.85763 830.543
v 648.0423 -19.85763 835.8172
v 651.0873 -19.85763 830.543
v 648.0423 -19.85763 825.2689
v 641.9522 -19.85763 825.2689
v 642.7926 -21.31327 826.7245
v 647.2019 -21.31327 826.7245
v 649.4065 -21.31327 830.543
v 647.2019 -21.31327 834.3616
v 642.7926 -21.31327 834.3616
v 640.588 -21.31327 830.543
v 132.0994 31.74123 833.613
v 161.0721 17.25575 868.5084
v 200.7518 5.65695 882.3456
v 222.3754 2.297806 882.3456
v 674.464 2.297806 882.3456
v 696.1128 5.673532 882.3456
v 737.9066 17.2461 868.491
v 766.1617 31.70559 833.6355
v 766.1617 31.70558 784.9702
v 737.9066 17.2461 750.1148
v 696.1128 5.673532 736.2602
v 674.464 2.297806 736.2602
v 222.3754 2.297806 736.2602
v 200.7518 5.656951 736.2602
v 161.0721 17.25575 750.0974
v 132.0994 31.74122 784.9927
v 132.0994 29.44342 833.613
v 161.0721 14.95794 868.5084
v 200.7518 3.359144 882.3456
v 222.3754 5.527281e-09 882.3456
v 674.464 6.08001e-09 882.3456
v 696.1128 3.375726 882.3456
v 737.9066 14.9483 868.491
v 766.1617 29.40778 833.6355
v 766.1617 29.40778 784.9702
v 737.9066 14.9483 750.1148
v 696.1128 3.375726 736.2602
v 674.464 -6.080005e-09 736.2602
v 222.3754 -5.527276e-09 736.2602
v 200.7518 3.359145 736.2602
v 161.0721 14.95795 750.0974
v 132.0994 29.44342 784.9927
v 625.1508 -65.14636 733.1001
v 627.0075 -58.21718 733.1001
v 632.08 -53.14467 733.1001
v 639.0092 -51.28801 733.1001
v 645.9383 -53.14467 733.1001
v 651.0108 -58.21718 733.1001
v 652.8675 -65.14636 733.1001
v 651.0108 -72.07554 733.1001
v 645.9383 -77.14805 733.1001
v 639.0092 -79.00472 733.1001
v 632.08 -77.14806 733.1001
v 627.0075 -72.07555 733.1001
v 621.2749 -54.90748 760.1904
v 618.5314 -65.14635 760.1904
v 621.2749 -75.38524 760.1904
v 628.7703 -82.8806 760.1904
v 639.0092 -85.6241 760.1904
v 649.248 -82.8806 760.1904
v 656.7434 -75.38522 760.1904
v 659.4869 -65.14635 760.1904
v 656.7434 -54.90748 760.1904
v 649.248 -47.41211 760.1904
v 639.0092 -44.66861 760.1904
v 628.7703 -47.41211 760.1904
v 627.5494 -58.53008 754.7205
v 625.7766 -65.14635 754.7205
v 627.5494 -71.76263 754.7205
v 632.3929 -76.60608 754.7205
v 639.0092 -78.3789 754.7205
v 645.6254 -76.60607 754.7205
v 650.4689 -71.76262 754.7205
v 652.2417 -65.14635 754.7205
v 650.4689 -58.53008 754.7205
v 645.6254 -53.68664 754.7205
v 639.0092 -51.91381 754.7205
v 632.3929 -53.68663 754.7205
v 627.8583 -65.14636 740.9116
v 629.3523 -59.57096 740.9115
v 633.4337 -55.48948 740.9115
v 639.0092 -53.99555 740.9115
v 644.5846 -55.48948 740.9115
v 648.666 -59.57096 740.9116
v 650.16 -65.14636 740.9115
v 648.666 -70.72177 740.9116
v 644.5846 -74.80324 740.9115
v 639.0092 -76.29717 740.9116
v 633.4338 -74.80325 740.9115
v 629.3523 -70.72177 740.9115
v 613.5719 -50.46017 757.4012
v 612.0097 -49.55819 753.2515
v 618.377 -53.23437 758.9955
v 609.6368 -65.14635 757.4012
v 615.1852 -65.14635 758.9955
v 607.8328 -65.14636 753.2515
v 624.323 -39.70914 757.4012
v 623.421 -38.14686 753.2515
v 627.0972 -44.5142 758.9955
v 639.0092 -35.77399 757.4012
v 639.0092 -33.97002 753.2515
v 639.0092 -41.32239 758.9955
v 653.6953 -39.70914 757.4012
v 654.5973 -38.14686 753.2515
v 650.9211 -44.5142 758.9955
v 664.4464 -50.46017 757.4012
v 666.0087 -49.55818 753.2515
v 659.6413 -53.23437 758.9955
v 668.3815 -65.14635 757.4012
v 670.1855 -65.14635 753.2515
v 662.8331 -65.14635 758.9955
v 664.4464 -79.83253 757.4012
v 666.0087 -80.73452 753.2515
v 659.6413 -77.05833 758.9955
v 653.6953 -90.58356 757.4012
v 654.5973 -92.14585 753.2515
v 650.9211 -85.77851 758.9955
v 639.0092 -94.51872 757.4012
v 639.0092 -96.3227 753.2515
v 639.0092 -88.97032 758.9956
v 624.323 -90.58358 757.4012
v 623.421 -92.14587 753.2515
v 627.0972 -85.77852 758.9956
v 613.572 -79.83256 757.4012
v 612.0097 -80.73454 753.2515
v 618.377 -77.05835 758.9955
v 609.6368 -65.14636 736.2264
v 607.8328 -65.14636 740.4018
v 615.1852 -65.14636 734.295
v 613.5719 -50.46018 736.2264
v 618.377 -53.23438 734.295
v 612.0097 -49.55819 740.4018
v 624.323 -39.70914 736.2264
v 627.0972 -44.5142 734.295
v 623.421 -38.14686 740.4018
v 639.0092 -35.77399 736.2264
v 639.0092 -41.3224 734.295
v 639.0092 -33.97002 740.4018
v 653.6953 -39.70914 736.2264
v 650.9211 -44.5142 734.295
v 654.5973 -38.14686 740.4018
v 664.4464 -50.46018 736.2264
v 659.6413 -53.23438 734.295
v 666.0087 -49.55819 740.4018
v 668.3815 -65.14635 736.2264
v 662.8331 -65.14635 734.295
v 670.1855 -65.14635 740.4018
v 664.4464 -79.83254 736.2264
v 659.6413 -77.05833 734.295
v 666.0087 -80.73452 740.4018
v 653.6953 -90.58357 736.2264
v 650.9211 -85.77851 734.295
v 654.5973 -92.14585 740.4018
v 639.0092 -94.51872 736.2264
v 639.0092 -88.97032 734.295
v 639.0092 -96.32269 740.4018
v 624.323 -90.58358 736.2264
v 627.0972 -85.77852 734.295
v 623.421 -92.14587 740.4018
v 613.572 -79.83256 736.2264
v 618.377 -77.05835 734.295
v 612.0097 -80.73455 740.4018
v 235.1368 -17.5621 779.9219
v 315.9352 -17.5621 779.9219
v 233.6737 -11.14261 779.9219
v 316.8702 -11.14261 779.9219
v 235.1368 -17.56211 838.6343
v 315.9352 -17.56211 838.6343
v 233.6737 -11.14262 838.6343
v 316.8702 -11.14262 838.6343
v 315.9352 -17.5621 795.9321
v 315.9352 -17.56211 822.6241
v 235.1368 -17.56211 822.6241
v 235.1368 -17.5621 795.9321
v 316.8702 -11.14261 795.9321
v 316.8702 -11.14262 822.6241
v 233.6737 -11.14261 795.9321
v 233.6737 -11.14262 822.6241
v 243.5956 -17.56211 838.6343
v 242.3835 -11.14262 838.6343
v 242.3835 -11.14262 822.6241
v 242.3835 -11.14261 795.9321
v 242.3835 -11.14261 779.9219
v 243.5956 -17.5621 779.9219
v 243.5956 -17.5621 795.9321
v 243.5956 -17.56211 822.6241
v 311.3214 -17.56211 838.6343
v 312.1195 -11.14262 838.6343
v 312.1195 -11.14262 822.6241
v 312.1195 -11.14261 795.9321
v 312.1195 -11.14261 779.9219
v 311.3214 -17.5621 779.9219
v 311.3214 -17.5621 795.9321
v 311.3214 -17.56211 822.6241
v 249.5239 -30.17338 798.6622
v 304.4442 -37.63744 798.6622
v 304.4442 -37.63744 819.8939
v 249.5239 -30.17338 819.894
v 267.0979 -27.83263 819.894
v 267.0979 -27.83262 798.6622
v 264.7238 -17.5621 795.9321
v 264.7238 -17.5621 779.9219
v 264.1388 -11.14261 779.9219
v 264.1388 -11.14261 795.9321
v 264.1388 -11.14262 822.6241
v 264.1388 -11.14262 838.6343
v 264.7238 -17.56211 838.6343
v 264.7238 -17.56211 822.6241
v 287.2777 -32.09562 819.8939
v 287.2777 -32.09562 798.6622
v 284.0725 -17.5621 795.9321
v 284.0725 -17.5621 779.9219
v 284.0619 -11.14261 779.9219
v 284.0619 -11.14261 795.9321
v 284.0619 -11.14262 822.6241
v 284.0619 -11.14262 838.6343
v 284.0725 -17.56211 838.6343
v 284.0725 -17.56211 822.6241
v 255.9154 -47.63097 798.1563
v 297.6032 -59.5709 798.1562
v 270.9464 -36.17925 798.1563
v 302.8961 -45.28507 798.1562
v 255.9154 -47.63097 821.0341
v 297.6032 -59.5709 821.0341
v 270.9465 -36.17925 821.0341
v 302.8961 -45.28507 821.0341
v 288.9004 -64.18259 821.0341
v 296.8072 -43.54969 821.0341
v 296.8072 -43.54969 798.1562
v 288.9004 -64.18259 798.1562
v 265.2249 -26.80503 800.5945
v 251.3969 -28.64683 800.5945
v 251.3969 -28.64683 818.5958
v 265.2249 -26.80503 818.5958
v 274.363 -56.88783 821.0341
v 285.4096 -40.30133 821.0341
v 285.4096 -40.30133 798.1563
v 274.363 -56.88783 798.1562
v 263.9755 -70.57501 817.6185
v 251.0361 -64.08216 817.6186
v 251.0361 -64.08216 801.5718
v 263.9755 -70.57501 801.5718
v 264.3922 -70.7841 821.0341
v 248.282 -62.70016 821.0341
v 248.282 -62.70015 798.1563
v 264.3921 -70.7841 798.1562
v 304.4251 -33.48103 809.1349
v 299.7604 -31.78322 817.733
v 290.431 -28.38759 817.733
v 285.7663 -26.68978 809.1349
v 290.431 -28.38759 800.5369
v 299.7604 -31.78322 800.5369
v 291.5876 -69.76506 809.1349
v 286.9229 -68.06724 817.733
v 277.5935 -64.67162 817.733
v 272.9288 -62.97381 809.135
v 277.5935 -64.67162 800.5369
v 286.9229 -68.06725 800.5369
v 268.3845 -65.41733 736.2891
v 267.0844 -60.5652 736.2891
v 263.5324 -57.0132 736.2891
v 258.6803 -55.71308 736.2891
v 253.8281 -57.0132 736.2891
v 250.2761 -60.5652 736.2891
v 248.976 -65.41733 736.2891
v 250.2761 -70.26945 736.2891
v 253.8281 -73.82145 736.2891
v 258.6803 -75.12158 736.2891
v 263.5324 -73.82146 736.2891
v 267.0844 -70.26946 736.2891
v 268.3845 -65.41735 882.6134
v 267.0844 -60.56522 882.6134
v 263.5324 -57.01322 882.6134
v 258.6803 -55.7131 882.6134
v 253.8282 -57.01322 882.6134
v 250.2762 -60.56522 882.6134
v 248.976 -65.41735 882.6134
v 250.2762 -70.26947 882.6134
v 253.8282 -73.82147 882.6134
v 258.6803 -75.1216 882.6134
v 263.5324 -73.82148 882.6134
v 267.0844 -70.26948 882.6134
v 264.4961 -62.05957 733.3554
v 265.3958 -65.41733 733.3554
v 264.4961 -68.77509 733.3554
v 262.038 -71.23313 733.3554
v 258.6803 -72.13284 733.3554
v 255.3225 -71.23313 733.3554
v 252.8645 -68.77508 733.3554
v 251.9648 -65.41733 733.3554
v 252.8645 -62.05957 733.3554
v 255.3225 -59.60152 733.3554
v 258.6803 -58.70182 733.3554
v 262.038 -59.60152 733.3554
v 265.3958 -65.41735 885.2266
v 264.4961 -62.05959 885.2266
v 262.0381 -59.60155 885.2266
v 258.6803 -58.70184 885.2266
v 255.3225 -59.60155 885.2266
v 252.8645 -62.05959 885.2266
v 251.9648 -65.41735 885.2266
v 252.8645 -68.7751 885.2266
v 255.3225 -71.23315 885.2266
v 258.6803 -72.13286 885.2266
v 262.038 -71.23316 885.2266
v 264.4961 -68.77511 885.2266
v 244.8666 -65.14637 733.2033
v 246.7233 -58.21719 733.2033
v 251.7958 -53.14468 733.2033
v 258.7249 -51.28801 733.2033
v 265.6541 -53.14468 733.2033
v 270.7266 -58.21719 733.2033
v 272.5833 -65.14637 733.2033
v 270.7266 -72.07555 733.2033
v 265.6541 -77.14806 733.2033
v 258.725 -79.00473 733.2033
v 251.7958 -77.14807 733.2033
v 246.7233 -72.07556 733.2033
v 240.9907 -54.90749 760.2936
v 238.2472 -65.14636 760.2936
v 240.9907 -75.38524 760.2936
v 248.4861 -82.88061 760.2936
v 258.725 -85.6241 760.2936
v 268.9638 -82.8806 760.2936
v 276.4592 -75.38523 760.2936
v 279.2027 -65.14636 760.2936
v 276.4592 -54.90749 760.2936
v 268.9638 -47.41212 760.2936
v 258.7249 -44.66862 760.2936
v 248.4861 -47.41212 760.2936
v 247.2652 -58.53009 754.8236
v 245.4924 -65.14636 754.8236
v 247.2652 -71.76264 754.8236
v 252.1087 -76.60609 754.8236
v 258.725 -78.37891 754.8236
v 265.3412 -76.60608 754.8236
v 270.1847 -71.76263 754.8236
v 271.9575 -65.14636 754.8236
v 270.1847 -58.53009 754.8236
v 265.3412 -53.68664 754.8236
v 258.7249 -51.91382 754.8236
v 252.1087 -53.68664 754.8236
v 247.5741 -65.14637 741.0147
v 249.0681 -59.57097 741.0147
v 253.1495 -55.48948 741.0147
v 258.7249 -53.99556 741.0147
v 264.3004 -55.48948 741.0147
v 268.3818 -59.57097 741.0147
v 269.8758 -65.14637 741.0147
v 268.3818 -70.72177 741.0147
v 264.3004 -74.80325 741.0147
v 258.725 -76.29718 741.0147
v 253.1495 -74.80325 741.0147
v 249.0681 -70.72178 741.0147
v 233.2877 -50.46018 757.5044
v 231.7254 -49.55819 753.3546
v 238.0928 -53.23438 759.0987
v 229.3526 -65.14636 757.5044
v 234.901 -65.14636 759.0987
v 227.5486 -65.14636 753.3546
v 244.0388 -39.70915 757.5044
v 243.1368 -38.14686 753.3546
v 246.813 -44.5142 759.0987
v 258.7249 -35.774 757.5044
v 258.7249 -33.97003 753.3546
v 258.7249 -41.3224 759.0987
v 273.4111 -39.70915 757.5044
v 274.3131 -38.14686 753.3546
v 270.6369 -44.51421 759.0987
v 284.1622 -50.46018 757.5044
v 285.7244 -49.55819 753.3546
v 279.3571 -53.23438 759.0987
v 288.0973 -65.14636 757.5044
v 289.9013 -65.14636 753.3546
v 282.5489 -65.14636 759.0987
v 284.1622 -79.83254 757.5044
v 285.7244 -80.73453 753.3546
v 279.3571 -77.05834 759.0987
v 273.4111 -90.58357 757.5044
v 274.3131 -92.14586 753.3546
v 270.6369 -85.77851 759.0987
v 258.725 -94.51873 757.5044
v 258.725 -96.3227 753.3546
v 258.725 -88.97032 759.0987
v 244.0388 -90.58358 757.5044
v 243.1368 -92.14587 753.3546
v 246.813 -85.77853 759.0987
v 233.2877 -79.83256 757.5044
v 231.7255 -80.73455 753.3546
v 238.0928 -77.05836 759.0987
v 229.3526 -65.14637 736.3296
v 227.5486 -65.14637 740.505
v 234.901 -65.14637 734.3982
v 233.2877 -50.46018 736.3296
v 238.0928 -53.23439 734.3982
v 231.7254 -49.5582 740.505
v 244.0388 -39.70915 736.3296
v 246.813 -44.51421 734.3982
v 243.1368 -38.14687 740.505
v 258.7249 -35.774 736.3296
v 258.7249 -41.32241 734.3982
v 258.7249 -33.97003 740.505
v 273.4111 -39.70915 736.3296
v 270.6369 -44.51421 734.3982
v 274.3131 -38.14687 740.505
v 284.1622 -50.46018 736.3296
v 279.3571 -53.23438 734.3982
v 285.7244 -49.5582 740.505
v 288.0973 -65.14636 736.3296
v 282.5489 -65.14636 734.3982
v 289.9013 -65.14636 740.505
v 284.1622 -79.83254 736.3296
v 279.3571 -77.05834 734.3982
v 285.7244 -80.73453 740.505
v 273.4111 -90.58357 736.3296
v 270.6369 -85.77852 734.3982
v 274.3131 -92.14586 740.505
v 258.725 -94.51873 736.3296
v 258.725 -88.97033 734.3982
v 258.725 -96.3227 740.505
v 244.0388 -90.58359 736.3296
v 246.813 -85.77853 734.3982
v 243.1368 -92.14587 740.505
v 233.2877 -79.83257 736.3296
v 238.0928 -77.05836 734.3982
v 231.7255 -80.73455 740.505
v 306.3349 -16.04768 830.6647
v 303.2899 -16.04768 825.3905
v 297.1998 -16.04768 825.3905
v 294.1548 -16.04768 830.6647
v 297.1998 -16.04768 835.9388
v 303.2899 -16.04768 835.9388
v 303.2899 -19.85763 825.3905
v 306.3349 -19.85763 830.6647
v 297.1998 -19.85763 825.3905
v 294.1548 -19.85763 830.6647
v 297.1998 -19.85763 835.9388
v 303.2899 -19.85763 835.9388
v 302.4495 -21.31327 834.4832
v 298.0402 -21.31327 834.4832
v 295.8356 -21.31327 830.6647
v 298.0402 -21.31327 826.8461
v 302.4495 -21.31327 826.8461
v 304.6541 -21.31327 830.6647
v 258.8269 -16.04768 830.6647
v 255.7819 -16.04768 825.3905
v 249.6918 -16.04768 825.3905
v 246.6468 -16.04768 830.6647
v 249.6918 -16.04768 835.9388
v 255.7819 -16.04768 835.9388
v 255.7819 -19.85763 825.3905
v 258.8269 -19.85763 830.6647
v 249.6918 -19.85763 825.3905
v 246.6468 -19.85763 830.6647
v 249.6918 -19.85763 835.9388
v 255.7819 -19.85763 835.9388
v 254.9415 -21.31327 834.4832
v 250.5322 -21.31327 834.4832
v 248.3276 -21.31327 830.6647
v 250.5322 -21.31327 826.8461
v 254.9415 -21.31327 826.8461
v 257.1461 -21.31327 830.6647
v 306.3349 -16.04768 788.2796
v 303.2899 -16.04768 783.0054
v 297.1998 -16.04768 783.0054
v 294.1548 -16.04768 788.2796
v 297.1998 -16.04768 793.5538
v 303.2899 -16.04768 793.5538
v 303.2899 -19.85763 783.0054
v 306.3349 -19.85763 788.2796
v 297.1998 -19.85763 783.0054
v 294.1548 -19.85763 788.2796
v 297.1998 -19.85763 793.5538
v 303.2899 -19.85763 793.5538
v 302.4495 -21.31327 792.0981
v 298.0402 -21.31327 792.0981
v 295.8356 -21.31327 788.2796
v 298.0402 -21.31327 784.4611
v 302.4495 -21.31327 784.4611
v 304.6541 -21.31327 788.2796
v 258.8269 -16.04768 788.2796
v 255.7819 -16.04768 783.0054
v 249.6918 -16.04768 783.0054
v 246.6468 -16.04768 788.2796
v 249.6918 -16.04768 793.5538
v 255.7819 -16.04768 793.5538
v 255.7819 -19.85763 783.0054
v 258.8269 -19.85763 788.2796
v 249.6918 -19.85763 783.0054
v 246.6468 -19.85763 788.2796
v 249.6918 -19.85763 793.5538
v 255.7819 -19.85763 793.5538
v 254.9415 -21.31327 792.0981
v 250.5322 -21.31327 792.0981
v 248.3276 -21.31327 788.2796
v 250.5322 -21.31327 784.4611
v 254.9415 -21.31327 784.4611
v 257.1461 -21.31327 788.2796
v 272.5833 -65.14636 885.7225
v 270.7266 -58.21718 885.7225
v 265.6541 -53.14467 885.7225
v 258.7249 -51.28801 885.7225
v 251.7958 -53.14467 885.7225
v 246.7233 -58.21718 885.7225
v 244.8666 -65.14636 885.7225
v 246.7233 -72.07554 885.7225
v 251.7958 -77.14805 885.7225
v 258.7249 -79.00472 885.7225
v 265.6541 -77.14806 885.7225
v 270.7266 -72.07555 885.7225
v 276.4592 -54.90748 858.6322
v 279.2027 -65.14635 858.6322
v 276.4592 -75.38524 858.6322
v 268.9638 -82.8806 858.6322
v 258.7249 -85.6241 858.6322
v 248.4861 -82.8806 858.6322
v 240.9907 -75.38522 858.6322
v 238.2472 -65.14635 858.6322
v 240.9907 -54.90748 858.6322
v 248.4861 -47.41211 858.6322
v 258.7249 -44.66861 858.6322
v 268.9638 -47.41211 858.6322
v 270.1847 -58.53008 864.1022
v 271.9575 -65.14635 864.1022
v 270.1847 -71.76263 864.1022
v 265.3412 -76.60608 864.1022
v 258.7249 -78.3789 864.1022
v 252.1087 -76.60607 864.1022
v 247.2652 -71.76262 864.1022
v 245.4924 -65.14635 864.1022
v 247.2652 -58.53008 864.1022
v 252.1087 -53.68664 864.1022
v 258.7249 -51.91381 864.1022
v 265.3412 -53.68663 864.1022
v 269.8758 -65.14636 877.9111
v 268.3818 -59.57096 877.9111
v 264.3004 -55.48948 877.9111
v 258.7249 -53.99555 877.9111
v 253.1495 -55.48948 877.9111
v 249.0681 -59.57096 877.9111
v 247.5741 -65.14636 877.9111
v 249.0681 -70.72177 877.9111
v 253.1495 -74.80324 877.9111
v 258.7249 -76.29717 877.9111
v 264.3003 -74.80325 877.9111
v 268.3818 -70.72177 877.9111
v 284.1622 -50.46017 861.4214
v 285.7244 -49.55819 865.5711
v 279.3571 -53.23437 859.8271
v 288.0973 -65.14635 861.4214
v 282.5489 -65.14635 859.8271
v 289.9013 -65.14636 865.5711
v 273.4111 -39.70914 861.4214
v 274.3131 -38.14686 865.5711
v 270.6369 -44.5142 859.8271
v 258.7249 -35.77399 861.4214
v 258.7249 -33.97002 865.5712
v 258.7249 -41.32239 859.8271
v 244.0388 -39.70914 861.4214
v 243.1368 -38.14686 865.5712
v 246.813 -44.5142 859.8271
v 233.2877 -50.46017 861.4214
v 231.7254 -49.55818 865.5712
v 238.0928 -53.23437 859.8271
v 229.3526 -65.14635 861.4214
v 227.5486 -65.14635 865.5711
v 234.901 -65.14635 859.8271
v 233.2877 -79.83253 861.4214
v 231.7254 -80.73452 865.5711
v 238.0928 -77.05833 859.8271
v 244.0388 -90.58356 861.4214
v 243.1368 -92.14585 865.5711
v 246.813 -85.77851 859.8271
v 258.7249 -94.51872 861.4214
v 258.7249 -96.3227 865.5711
v 258.7249 -88.97032 859.8271
v 273.4111 -90.58358 861.4214
v 274.3131 -92.14587 865.5711
v 270.6369 -85.77852 859.8271
v 284.1621 -79.83256 861.4214
v 285.7244 -80.73454 865.5711
v 279.3571 -77.05835 859.8271
v 288.0973 -65.14636 882.5962
v 289.9013 -65.14636 878.4208
v 282.5489 -65.14636 884.5276
v 284.1622 -50.46018 882.5962
v 279.3571 -53.23438 884.5276
v 285.7244 -49.55819 878.4208
v 273.4111 -39.70914 882.5962
v 270.6369 -44.5142 884.5276
v 274.3131 -38.14686 878.4208
v 258.7249 -35.77399 882.5962
v 258.7249 -41.3224 884.5276
v 258.7249 -33.97002 878.4208
v 244.0388 -39.70914 882.5962
v 246.813 -44.5142 884.5276
v 243.1368 -38.14686 878.4208
v 233.2877 -50.46018 882.5962
v 238.0928 -53.23438 884.5276
v 231.7254 -49.55819 878.4208
v 229.3526 -65.14635 882.5962
v 234.901 -65.14635 884.5276
v 227.5486 -65.14635 878.4208
v 233.2877 -79.83254 882.5962
v 238.0928 -77.05833 884.5276
v 231.7254 -80.73452 878.4208
v 244.0388 -90.58357 882.5962
v 246.813 -85.77851 884.5276
v 243.1368 -92.14585 878.4208
v 258.7249 -94.51872 882.5962
v 258.7249 -88.97032 884.5276
v 258.7249 -96.32269 878.4208
v 273.4111 -90.58358 882.5962
v 270.6369 -85.77852 884.5276
v 274.3131 -92.14587 878.4208
v 284.1622 -79.83256 882.5962
v 279.3571 -77.05835 884.5276
v 285.7244 -80.73455 878.4208
#end vertices

#begin 1358 textures vertices 
vt 0.9215736 0.06431859 0
vt 0.9464577 0.003906268 0
vt 0.9215736 0.003906262 0
vt 0.9464577 0.06431859 0
vt 0.06360358 0.2019639 0
vt 0.9596281 0.003906268 0
vt 0.1240159 0.2019639 0
vt 0.9596281 0.06431859 0
vt 0.9644174 0.8023801 0
vt 0.9395332 0.1200921 0
vt 0.0206597 0.2418269 0
vt 0.1669597 0.2418269 0
vt 0.9644174 0.1195528 0
vt 0.9395333 0.8029194 0
vt 0.02065971 0.9238705 0
vt 0.9775878 0.1195528 0
vt 0.9787851 0.7515923 0
vt 0.953901 0.1708799 0
vt 0.00390627 0.2918784 0
vt 0.1837132 0.2918784 0
vt 0.953901 0.7497773 0
vt 0.9787851 0.1726949 0
vt 0.9919555 0.1726949 0
vt 0.003906279 0.8714317 0
vt 0.9580392 0.196829 0
vt 0.9580392 0.7238283 0
vt 0.1837132 0.3181554 0
vt 0.1837132 0.8451547 0
vt 0.9829234 0.1986439 0
vt 0.9829234 0.7256432 0
vt 0.003906279 0.8451547 0
vt 0.00390627 0.3181554 0
vt 0.7575061 0.1230571 0
vt 0.7212199 0.1655434 0
vt 0.6745898 0.1865235 0
vt 0.6491963 0.1886621 0
vt 0.1200757 0.1886628 0
vt 0.09472354 0.1860424 0
vt 0.04458191 0.1681351 0
vt 0.008703811 0.126662 0
vt 0.00916877 0.07030134 0
vt 0.04555515 0.02971169 0
vt 0.09446824 0.01010746 0
vt 0.119695 0.008664796 0
vt 0.6444033 0.01053635 0
vt 0.6698535 0.01036648 0
vt 0.7182179 0.02565997 0
vt 0.7563511 0.06609081 0
vt 0.2483381 0.4984747 0
vt 0.2483381 0.5926613 0
vt 0.2558213 0.4967691 0
vt 0.2558213 0.5937513 0
vt 0.233129 0.431745 0
vt 0.2669675 0.08246163 0
vt 0.2406122 0.4300394 0
vt 0.2459563 0.6614776 0
vt 0.2682872 0.1429521 0
vt 0.2682872 0.1024399 0
vt 0.2372764 0.4499414 0
vt 0.2441908 0.4802783 0
vt 0.2531312 0.6122195 0
vt 0.2486464 0.6430094 0
vt 0.4954956 0.06841157 0
vt 0.4954956 0.03729667 0
vt 0.2288562 0.4228584 0
vt 0.2362126 0.4208891 0
vt 0.5056487 0.03729667 0
vt 0.5056487 0.06841157 0
vt 0.2558213 0.5069222 0
vt 0.2483381 0.5083351 0
vt 0.3624354 0.1431379 0
vt 0.3621284 0.1037702 0
vt 0.2726067 0.08188039 0
vt 0.2009866 0.3476266 0
vt 0.5869399 0.03729667 0
vt 0.5869399 0.06841157 0
vt 0.5869399 0.08707462 0
vt 0.2483381 0.5872831 0
vt 0.2738687 0.1433567 0
vt 0.2738957 0.1020783 0
vt 0.3479779 0.1332839 0
vt 0.2897621 0.1325903 0
vt 0.2937543 0.1158034 0
vt 0.3501112 0.1133692 0
vt 0.3302264 0.1093747 0
vt 0.3307614 0.1373592 0
vt 0.3351261 0.1493739 0
vt 0.2483381 0.5329642 0
vt 0.2558213 0.5322823 0
vt 0.5310088 0.06841157 0
vt 0.5310088 0.03729667 0
vt 0.2252232 0.3980337 0
vt 0.2181836 0.4006618 0
vt 0.3346503 0.09753962 0
vt 0.3084129 0.1105744 0
vt 0.3080583 0.1360671 0
vt 0.3106002 0.1521617 0
vt 0.2483381 0.5555191 0
vt 0.5542331 0.08707462 0
vt 0.5542331 0.06841157 0
vt 0.5542331 0.03729667 0
vt 0.2151594 0.3771031 0
vt 0.30973 0.0765274 0
vt 0.3103881 0.09520498 0
vt 0.2925036 0.4604453 0
vt 0.3429075 0.4566137 0
vt 0.304296 0.4418402 0
vt 0.3429075 0.4388545 0
vt 0.4199801 0.4604454 0
vt 0.3695762 0.4566137 0
vt 0.4081877 0.4418403 0
vt 0.3695762 0.4388545 0
vt 0.3772214 0.4651792 0
vt 0.3695762 0.431474 0
vt 0.3429075 0.431474 0
vt 0.3352622 0.4651792 0
vt 0.3457498 0.5829729 0
vt 0.3457498 0.5667113 0
vt 0.3667339 0.5667113 0
vt 0.3667339 0.5829729 0
vt 0.3960663 0.4630929 0
vt 0.3907088 0.4404886 0
vt 0.3217749 0.4404886 0
vt 0.3164173 0.4630928 0
vt 0.3655947 0.5070847 0
vt 0.3655947 0.5239605 0
vt 0.346889 0.5239605 0
vt 0.346889 0.5070847 0
vt 0.2037058 0.1359795 0
vt 0.6083478 0.1434146 0
vt 0.2037058 0.1412545 0
vt 0.1851435 0.13596 0
vt 0.003906311 0.02126609 0
vt 0.01392902 0.0270527 0
vt 0.02395173 0.02126609 0
vt 0.02395173 0.009692862 0
vt 0.01392902 0.00390625 0
vt 0.003906311 0.009692863 0
vt 0.7096804 0.519843 0
vt 0.7096283 0.5082699 0
vt 0.7095241 0.4966971 0
vt 0.709472 0.485124 0
vt 0.7095241 0.4735509 0
vt 0.7096283 0.4619781 0
vt 0.3904337 0.6990448 0
vt 0.3845544 0.6988456 0
vt 0.3786825 0.6990484 0
vt 0.4431947 0.6989868 0
vt 0.4373337 0.6989928 0
vt 0.4314727 0.698999 0
vt 0.4256117 0.6990053 0
vt 0.4197506 0.6990118 0
vt 0.4138895 0.6990184 0
vt 0.4080284 0.6990252 0
vt 0.4021672 0.6990322 0
vt 0.396306 0.6990394 0
vt 0.3903349 0.528682 0
vt 0.3845101 0.5286879 0
vt 0.3786825 0.5282559 0
vt 0.4430423 0.5282088 0
vt 0.4371815 0.5282143 0
vt 0.4313206 0.5282196 0
vt 0.4254598 0.5282247 0
vt 0.419599 0.5282296 0
vt 0.4137383 0.5282344 0
vt 0.4078776 0.5282389 0
vt 0.4020169 0.5282433 0
vt 0.3961563 0.5282474 0
vt 0.384451 0.7028418 0
vt 0.3883258 0.7036788 0
vt 0.3911618 0.7063186 0
vt 0.39225 0.7101135 0
vt 0.391264 0.7139597 0
vt 0.3884822 0.7168065 0
vt 0.3846451 0.7178567 0
vt 0.3807917 0.7168529 0
vt 0.3779535 0.7140629 0
vt 0.3768904 0.7102395 0
vt 0.3779112 0.7064047 0
vt 0.3806963 0.7036592 0
vt 0.3896044 0.5252097 0
vt 0.3854951 0.5252404 0
vt 0.3817937 0.5237619 0
vt 0.3797781 0.5205712 0
vt 0.3797715 0.5166007 0
vt 0.3818151 0.5131237 0
vt 0.3853346 0.5110905 0
vt 0.3893932 0.5110843 0
vt 0.3929231 0.5130702 0
vt 0.3949986 0.5165207 0
vt 0.3950661 0.520481 0
vt 0.3930557 0.5238555 0
vt 0.5804772 0.4184981 0
vt 0.5804923 0.4283523 0
vt 0.5755814 0.4368881 0
vt 0.567059 0.441834 0
vt 0.5572055 0.4418521 0
vt 0.5486645 0.4369384 0
vt 0.5437278 0.4284183 0
vt 0.5437052 0.4185653 0
vt 0.5486158 0.4100228 0
vt 0.5571417 0.4050825 0
vt 0.5669892 0.4050668 0
vt 0.5755342 0.4099737 0
vt 0.6349408 0.4463045 0
vt 0.6236854 0.439807 0
vt 0.6171845 0.428552 0
vt 0.617183 0.4155542 0
vt 0.6236815 0.4042973 0
vt 0.6349361 0.3977987 0
vt 0.6479336 0.3977961 0
vt 0.6591909 0.4042937 0
vt 0.6656903 0.41555 0
vt 0.6656911 0.4285461 0
vt 0.6591946 0.4398037 0
vt 0.6479389 0.446304 0
vt 0.6377035 0.4364348 0
vt 0.6310119 0.4326388 0
vt 0.6271132 0.4260082 0
vt 0.6270531 0.418316 0
vt 0.6308475 0.4116248 0
vt 0.6374807 0.4077277 0
vt 0.6451724 0.4076665 0
vt 0.651864 0.4114606 0
vt 0.6557616 0.4180923 0
vt 0.65582 0.4257854 0
vt 0.6520271 0.4324772 0
vt 0.6453955 0.4363752 0
vt 0.5727182 0.4203135 0
vt 0.5728663 0.4260414 0
vt 0.570123 0.4310769 0
vt 0.5652417 0.4340748 0
vt 0.5595133 0.4342253 0
vt 0.5544789 0.4314896 0
vt 0.5514897 0.4265963 0
vt 0.5513339 0.4208703 0
vt 0.5540677 0.4158342 0
vt 0.5589541 0.412842 0
vt 0.5646868 0.4126998 0
vt 0.5697237 0.4154278 0
vt 0.2218304 0.08101567 0
vt 0.2219786 0.08622378 0
vt 0.6338845 0.4502689 0
vt 0.2033768 0.08101827 0
vt 0.6207883 0.442712 0
vt 0.2034175 0.08625644 0
vt 0.2399676 0.08059013 0
vt 0.2407984 0.08586023 0
vt 0.6490063 0.4502653 0
vt 0.03647418 0.08139517 0
vt 0.03634809 0.08664261 0
vt 0.6620998 0.4427003 0
vt 0.05496517 0.08132112 0
vt 0.05496153 0.08656543 0
vt 0.6696555 0.4296026 0
vt 0.07351845 0.08127239 0
vt 0.07353173 0.08651989 0
vt 0.6696517 0.4144826 0
vt 0.09207457 0.08123919 0
vt 0.09209052 0.08648782 0
vt 0.6620877 0.4013886 0
vt 0.1106297 0.08120706 0
vt 0.1106469 0.08645595 0
vt 0.6489896 0.3938318 0
vt 0.1291843 0.08117176 0
vt 0.1292028 0.08642069 0
vt 0.6338689 0.3938372 0
vt 0.1477387 0.08113246 0
vt 0.1477584 0.08638135 0
vt 0.6207764 0.4014004 0
vt 0.1662925 0.08108976 0
vt 0.1663137 0.08633831 0
vt 0.6132187 0.4144979 0
vt 0.184843 0.08104724 0
vt 0.1848675 0.086294 0
vt 0.6132233 0.4296196 0
vt 0.2034947 0.1064834 0
vt 0.2034883 0.1012115 0
vt 0.5915208 0.4155564 0
vt 0.2219903 0.1063706 0
vt 0.5915277 0.4313272 0
vt 0.2221046 0.1010952 0
vt 0.2399858 0.1066307 0
vt 0.5836495 0.4449851 0
vt 0.2407191 0.1012606 0
vt 0.03657705 0.1067504 0
vt 0.5699999 0.4528769 0
vt 0.03644019 0.1015146 0
vt 0.05503558 0.1067864 0
vt 0.5542305 0.4528864 0
vt 0.05500442 0.1015207 0
vt 0.07357516 0.106788 0
vt 0.5405707 0.4450081 0
vt 0.07355795 0.1015136 0
vt 0.09213169 0.1067673 0
vt 0.5326817 0.4313582 0
vt 0.09211526 0.1014912 0
vt 0.1106915 0.1067378 0
vt 0.5326707 0.4155926 0
vt 0.1106741 0.1014613 0
vt 0.1292519 0.1067029 0
vt 0.5405458 0.4019307 0
vt 0.1292333 0.1014263 0
vt 0.1478126 0.1066631 0
vt 0.5541982 0.3940388 0
vt 0.1477927 0.1013867 0
vt 0.1663737 0.1066178 0
vt 0.5699647 0.3940304 0
vt 0.1663526 0.1013417 0
vt 0.1849357 0.1065627 0
vt 0.5836256 0.4019037 0
vt 0.1849148 0.1012877 0
vt 0.1872694 0.03709688 0
vt 0.1930481 0.02710792 0
vt 0.1872797 0.0171101 0
vt 0.1757321 0.0171101 0
vt 0.1699701 0.02710775 0
vt 0.1757373 0.03709395 0
vt 0.1889189 0.02732938 0
vt 0.1850169 0.03362427 0
vt 0.1854032 0.02079714 0
vt 0.1779915 0.02057349 0
vt 0.1741022 0.02688481 0
vt 0.1776128 0.03340506 0
vt 0.1790105 0.03128192 0
vt 0.17664 0.02703132 0
vt 0.1791334 0.02284443 0
vt 0.1840042 0.02290934 0
vt 0.1863807 0.02719273 0
vt 0.1838801 0.03135015 0
vt 0.2121536 0.1696432 0
vt 0.2179322 0.1596542 0
vt 0.2121638 0.1496564 0
vt 0.2006162 0.1496564 0
vt 0.1948543 0.159654 0
vt 0.2006215 0.1696402 0
vt 0.2138031 0.1598757 0
vt 0.2099011 0.1661706 0
vt 0.2102873 0.1533434 0
vt 0.2028756 0.1531198 0
vt 0.1989864 0.1594311 0
vt 0.202497 0.1659514 0
vt 0.2038947 0.1638282 0
vt 0.2015242 0.1595776 0
vt 0.2040176 0.1553907 0
vt 0.2088884 0.1554556 0
vt 0.2112648 0.159739 0
vt 0.2087643 0.1638964 0
vt 0.2187593 0.01761842 0
vt 0.2072199 0.01761794 0
vt 0.2014562 0.02761489 0
vt 0.2072252 0.03760423 0
vt 0.2187669 0.03760423 0
vt 0.2245322 0.02760643 0
vt 0.2094784 0.0210833 0
vt 0.2168849 0.02130741 0
vt 0.2055878 0.02739365 0
vt 0.2091011 0.03391662 0
vt 0.2165097 0.03413765 0
vt 0.2204011 0.02783119 0
vt 0.2178638 0.02768355 0
vt 0.2153661 0.03186564 0
vt 0.2104981 0.0317941 0
vt 0.2081252 0.02753757 0
vt 0.210617 0.02335318 0
vt 0.2154889 0.02343079 0
vt 0.1379761 0.155426 0
vt 0.1379761 0.1669741 0
vt 0.1479737 0.1727361 0
vt 0.1579589 0.1669692 0
vt 0.1579636 0.1554405 0
vt 0.1479764 0.1496564 0
vt 0.141439 0.1647137 0
vt 0.1416636 0.157301 0
vt 0.1477505 0.1686041 0
vt 0.1542704 0.1650924 0
vt 0.1544876 0.1576888 0
vt 0.1481977 0.1537855 0
vt 0.14804 0.1563259 0
vt 0.1522119 0.1588245 0
vt 0.152147 0.1636942 0
vt 0.1478974 0.1660665 0
vt 0.1437109 0.1635733 0
vt 0.1437786 0.1587049 0
vt 0.9456638 0.316257 0
vt 0.9084396 0.3565725 0
vt 0.8610521 0.3750703 0
vt 0.8356196 0.3762494 0
vt 0.3080278 0.3762503 0
vt 0.2824869 0.3752203 0
vt 0.2313907 0.3578802 0
vt 0.1944832 0.3168735 0
vt 0.1959259 0.2646001 0
vt 0.2324588 0.224409 0
vt 0.2821452 0.2058077 0
vt 0.3076162 0.2046455 0
vt 0.8352005 0.2046682 0
vt 0.8607154 0.2057089 0
vt 0.9093967 0.2229482 0
vt 0.9471084 0.2640548 0
vt 0.9477966 0.3175404 0
vt 0.9094271 0.359007 0
vt 0.8613066 0.3777096 0
vt 0.835603 0.378931 0
vt 0.3080625 0.378931 0
vt 0.2823437 0.3778694 0
vt 0.2304957 0.3603608 0
vt 0.192315 0.3180431 0
vt 0.1937884 0.2633225 0
vt 0.2314687 0.2219757 0
vt 0.2818912 0.2031677 0
vt 0.3076341 0.2019639 0
vt 0.8351667 0.2019874 0
vt 0.8608571 0.20306 0
vt 0.9102892 0.2204667 0
vt 0.9492707 0.262879 0
vt 0.6183745 0.05972708 0
vt 0.6183588 0.04987307 0
vt 0.6232691 0.04133695 0
vt 0.6317913 0.03639053 0
vt 0.6416452 0.03637216 0
vt 0.6501866 0.04128623 0
vt 0.6551233 0.0498068 0
vt 0.6551457 0.05965998 0
vt 0.650235 0.06820242 0
vt 0.6417093 0.07314246 0
vt 0.6318622 0.07315797 0
vt 0.6233177 0.06825115 0
vt 0.6354486 0.6093212 0
vt 0.6241932 0.6028237 0
vt 0.6176923 0.5915687 0
vt 0.6176908 0.5785709 0
vt 0.6241893 0.567314 0
vt 0.6354439 0.5608153 0
vt 0.6484414 0.5608128 0
vt 0.6596987 0.5673104 0
vt 0.6661981 0.5785667 0
vt 0.6661989 0.5915628 0
vt 0.6597024 0.6028203 0
vt 0.6484467 0.6093207 0
vt 0.6382113 0.5994515 0
vt 0.6315197 0.5956555 0
vt 0.627621 0.5890249 0
vt 0.6275609 0.5813327 0
vt 0.6313553 0.5746415 0
vt 0.6379885 0.5707444 0
vt 0.6456802 0.5706832 0
vt 0.6523718 0.5744773 0
vt 0.6562694 0.581109 0
vt 0.6563278 0.5888021 0
vt 0.6525349 0.5954939 0
vt 0.6459033 0.5993919 0
vt 0.6261332 0.05791121 0
vt 0.625985 0.05218336 0
vt 0.6287281 0.04714764 0
vt 0.6336092 0.04414963 0
vt 0.6393377 0.04399915 0
vt 0.6443722 0.04673484 0
vt 0.6473614 0.05162831 0
vt 0.6475172 0.05735445 0
vt 0.6447835 0.06239057 0
vt 0.6398972 0.06538274 0
vt 0.6341647 0.06552486 0
vt 0.6291279 0.06279686 0
vt 0.2503577 0.04686477 0
vt 0.2504834 0.05207347 0
vt 0.6343923 0.6132856 0
vt 0.2319043 0.04678734 0
vt 0.6212961 0.6057287 0
vt 0.2319223 0.05202565 0
vt 0.2684966 0.04651788 0
vt 0.2693045 0.05179154 0
vt 0.6495141 0.613282 0
vt 0.06500161 0.04644046 0
vt 0.06485276 0.0516873 0
vt 0.6626076 0.605717 0
vt 0.08349274 0.0464466 0
vt 0.08346636 0.05169085 0
vt 0.6701633 0.5926193 0
vt 0.1020461 0.04647833 0
vt 0.1020366 0.05172584 0
vt 0.6701595 0.5774992 0
vt 0.1206021 0.0465256 0
vt 0.1205953 0.05177424 0
vt 0.6625955 0.5644053 0
vt 0.1391572 0.04657393 0
vt 0.1391517 0.05182285 0
vt 0.6494974 0.5568485 0
vt 0.1577118 0.04661909 0
vt 0.1577075 0.05186806 0
vt 0.6343767 0.5568539 0
vt 0.1762662 0.04666026 0
vt 0.1762632 0.05190918 0
vt 0.6212842 0.5644171 0
vt 0.19482 0.04669802 0
vt 0.1948185 0.05194661 0
vt 0.6137265 0.5775146 0
vt 0.2133706 0.04673594 0
vt 0.2133722 0.05198276 0
vt 0.6137311 0.5926363 0
vt 0.2319117 0.07225271 0
vt 0.2319283 0.06698086 0
vt 0.6073317 0.06267012 0
vt 0.2504076 0.07222011 0
vt 0.6073229 0.04690001 0
vt 0.2505449 0.06694533 0
vt 0.2684019 0.07255832 0
vt 0.6151997 0.03324108 0
vt 0.2691584 0.06719138 0
vt 0.06499452 0.0717959 0
vt 0.6288493 0.02534781 0
vt 0.06488036 0.06655958 0
vt 0.08345272 0.07191197 0
vt 0.64462 0.02533773 0
vt 0.0834444 0.06664614 0
vt 0.1019921 0.07199391 0
vt 0.6582807 0.03321694 0
vt 0.1019978 0.06671954 0
vt 0.1205486 0.07205375 0
vt 0.6661696 0.04686775 0
vt 0.120555 0.06677759 0
vt 0.1391083 0.07210468 0
vt 0.6661799 0.06263384 0
vt 0.1391138 0.06682819 0
vt 0.1576688 0.07215025 0
vt 0.6583042 0.07629535 0
vt 0.157673 0.06687371 0
vt 0.1762294 0.07219102 0
vt 0.6446518 0.08418651 0
vt 0.1762324 0.06691453 0
vt 0.1947905 0.07222621 0
vt 0.6288861 0.08419437 0
vt 0.1947923 0.06694999 0
vt 0.2133526 0.07225157 0
vt 0.6152265 0.07632139 0
vt 0.2133546 0.06697648 0
vt 0.2838869 0.5284373 0
vt 0.2838869 0.6226239 0
vt 0.2913701 0.5267317 0
vt 0.2913701 0.6237139 0
vt 0.2686778 0.4617075 0
vt 0.3807237 0.0342166 0
vt 0.276161 0.460002 0
vt 0.2815051 0.6914402 0
vt 0.382044 0.09469556 0
vt 0.382044 0.05418938 0
vt 0.2728251 0.479904 0
vt 0.2797396 0.5102409 0
vt 0.28868 0.642182 0
vt 0.2841952 0.672972 0
vt 0.5934935 0.1139805 0
vt 0.5934935 0.1450954 0
vt 0.264405 0.452821 0
vt 0.2717613 0.4508517 0
vt 0.5833404 0.1450954 0
vt 0.5833404 0.1139805 0
vt 0.2913701 0.5368848 0
vt 0.2838869 0.5382977 0
vt 0.4761948 0.09488498 0
vt 0.4759035 0.05549121 0
vt 0.3863627 0.03363711 0
vt 0.2365354 0.3775892 0
vt 0.5020492 0.1450954 0
vt 0.5020492 0.1139805 0
vt 0.5020492 0.09531749 0
vt 0.2838869 0.6172456 0
vt 0.387627 0.09509378 0
vt 0.3876522 0.0538314 0
vt 0.461746 0.08502009 0
vt 0.4035287 0.08433027 0
vt 0.4075209 0.06755009 0
vt 0.4638833 0.06509668 0
vt 0.4439974 0.06111682 0
vt 0.4445296 0.08909967 0
vt 0.4488866 0.1011143 0
vt 0.2838869 0.5629268 0
vt 0.2913701 0.5622449 0
vt 0.5579803 0.1139805 0
vt 0.5579803 0.1450954 0
vt 0.260772 0.4279962 0
vt 0.2537324 0.4306244 0
vt 0.4484043 0.04928528 0
vt 0.4221779 0.0623224 0
vt 0.4218243 0.08781036 0
vt 0.4243573 0.1039008 0
vt 0.2838869 0.5854816 0
vt 0.534756 0.09531749 0
vt 0.534756 0.1139805 0
vt 0.534756 0.1450954 0
vt 0.2507082 0.4070657 0
vt 0.4234739 0.02828258 0
vt 0.4241432 0.04695639 0
vt 0.440285 0.4975176 0
vt 0.4906889 0.493686 0
vt 0.4520775 0.4789125 0
vt 0.490689 0.4759268 0
vt 0.5677616 0.4975177 0
vt 0.5173576 0.493686 0
vt 0.5559691 0.4789126 0
vt 0.5173576 0.4759268 0
vt 0.5250029 0.5022515 0
vt 0.5173576 0.4685463 0
vt 0.490689 0.4685463 0
vt 0.4830437 0.5022515 0
vt 0.4935313 0.6200452 0
vt 0.4935312 0.6037836 0
vt 0.5145153 0.6037836 0
vt 0.5145154 0.6200452 0
vt 0.5438478 0.5001652 0
vt 0.5384902 0.477561 0
vt 0.4695563 0.477561 0
vt 0.4641988 0.5001652 0
vt 0.5133761 0.544157 0
vt 0.5133761 0.5610328 0
vt 0.4946704 0.5610328 0
vt 0.4946704 0.544157 0
vt 0.6162401 0.1570645 0
vt 0.1851437 0.1412362 0
vt 0.1665836 0.1359316 0
vt 0.6298986 0.1649423 0
vt 0.07805105 0.1665084 0
vt 0.08807376 0.172295 0
vt 0.09809647 0.1665084 0
vt 0.09809647 0.1549352 0
vt 0.08807376 0.1491485 0
vt 0.07805105 0.1549352 0
vt 0.5024815 0.6864146 0
vt 0.5024294 0.6748415 0
vt 0.5023252 0.6632687 0
vt 0.5022731 0.6516956 0
vt 0.5023252 0.6401225 0
vt 0.5024294 0.6285497 0
vt 0.5402463 0.7198662 0
vt 0.534367 0.7196671 0
vt 0.5284952 0.7198699 0
vt 0.5930073 0.7198083 0
vt 0.5871463 0.7198143 0
vt 0.5812853 0.7198204 0
vt 0.5754243 0.7198267 0
vt 0.5695632 0.7198332 0
vt 0.5637021 0.7198399 0
vt 0.557841 0.7198467 0
vt 0.5519798 0.7198537 0
vt 0.5461186 0.7198608 0
vt 0.5401475 0.5495034 0
vt 0.5343228 0.5495093 0
vt 0.5284952 0.5490773 0
vt 0.592855 0.5490302 0
vt 0.5869941 0.5490357 0
vt 0.5811332 0.549041 0
vt 0.5752724 0.5490461 0
vt 0.5694117 0.5490511 0
vt 0.5635509 0.5490558 0
vt 0.5576902 0.5490604 0
vt 0.5518295 0.5490647 0
vt 0.5459689 0.5490689 0
vt 0.5342637 0.7236632 0
vt 0.5381385 0.7245002 0
vt 0.5409746 0.7271399 0
vt 0.542063 0.7309347 0
vt 0.5410771 0.7347809 0
vt 0.5382954 0.7376278 0
vt 0.5344583 0.7386781 0
vt 0.5306049 0.7376745 0
vt 0.5277666 0.7348845 0
vt 0.5267033 0.7310612 0
vt 0.5277241 0.7272264 0
vt 0.530509 0.7244808 0
vt 0.5394171 0.5460311 0
vt 0.5353077 0.5460618 0
vt 0.5316063 0.5445833 0
vt 0.5295907 0.5413926 0
vt 0.5295842 0.5374222 0
vt 0.5316278 0.5339451 0
vt 0.5351473 0.5319119 0
vt 0.5392058 0.5319057 0
vt 0.5427358 0.5338916 0
vt 0.5448112 0.5373422 0
vt 0.5448788 0.5413024 0
vt 0.5428683 0.5446769 0
vt 0.6383709 0.5007686 0
vt 0.6383858 0.5106228 0
vt 0.633475 0.5191586 0
vt 0.6249526 0.5241045 0
vt 0.615099 0.5241225 0
vt 0.606558 0.5192087 0
vt 0.6016213 0.5106884 0
vt 0.6015989 0.5008354 0
vt 0.6065096 0.492293 0
vt 0.6150355 0.4873528 0
vt 0.6248829 0.4873372 0
vt 0.6334277 0.4922442 0
vt 0.3589549 0.6197018 0
vt 0.3589556 0.6326979 0
vt 0.352459 0.6439554 0
vt 0.3412033 0.6504557 0
vt 0.3282052 0.6504562 0
vt 0.3169499 0.6439588 0
vt 0.310449 0.6327038 0
vt 0.3104475 0.6197059 0
vt 0.3169461 0.6084491 0
vt 0.3282006 0.6019504 0
vt 0.3411982 0.6019479 0
vt 0.3524554 0.6084455 0
vt 0.3490261 0.6222441 0
vt 0.3490845 0.6299372 0
vt 0.3452916 0.6366289 0
vt 0.33866 0.640527 0
vt 0.330968 0.6405865 0
vt 0.3242764 0.6367906 0
vt 0.3203777 0.6301599 0
vt 0.3203176 0.6224678 0
vt 0.3241121 0.6157765 0
vt 0.3307453 0.6118794 0
vt 0.3384369 0.6118183 0
vt 0.3451286 0.6156124 0
vt 0.6306119 0.502584 0
vt 0.6307599 0.5083118 0
vt 0.6280165 0.5133474 0
vt 0.6231353 0.5163453 0
vt 0.6174069 0.5164956 0
vt 0.6123725 0.51376 0
vt 0.6093833 0.5088665 0
vt 0.6092275 0.5031406 0
vt 0.6119614 0.4981045 0
vt 0.6168478 0.4951123 0
vt 0.6225804 0.4949702 0
vt 0.6276173 0.4976983 0
vt 0.2180086 0.6317457 0
vt 0.2127999 0.6318714 0
vt 0.3629163 0.6186344 0
vt 0.218086 0.6132923 0
vt 0.36292 0.6337544 0
vt 0.2128477 0.6133103 0
vt 0.2183555 0.6498846 0
vt 0.2130818 0.6506925 0
vt 0.3553523 0.6055404 0
vt 0.2184329 0.4463896 0
vt 0.213186 0.4462408 0
vt 0.3422542 0.5979836 0
vt 0.2184267 0.4648807 0
vt 0.2131825 0.4648544 0
vt 0.3271334 0.5979889 0
vt 0.218395 0.4834341 0
vt 0.2131475 0.4834246 0
vt 0.3140409 0.6055521 0
vt 0.2183477 0.5019901 0
vt 0.2130991 0.5019833 0
vt 0.3064832 0.6186497 0
vt 0.2182994 0.5205452 0
vt 0.2130505 0.5205397 0
vt 0.3064878 0.6337714 0
vt 0.2182542 0.5390998 0
vt 0.2130053 0.5390955 0
vt 0.3140528 0.6468638 0
vt 0.2182131 0.5576543 0
vt 0.2129642 0.5576512 0
vt 0.327149 0.6544206 0
vt 0.2181753 0.576208 0
vt 0.2129267 0.5762065 0
vt 0.3422707 0.654417 0
vt 0.2181374 0.5947586 0
vt 0.2128906 0.5947602 0
vt 0.3553642 0.6468521 0
vt 0.1926206 0.6132997 0
vt 0.1978925 0.6133163 0
vt 0.6494142 0.4978264 0
vt 0.1926532 0.6317956 0
vt 0.6494213 0.5135972 0
vt 0.197928 0.6319329 0
vt 0.192315 0.6497899 0
vt 0.6415435 0.5272554 0
vt 0.1976819 0.6505464 0
vt 0.1930774 0.4463825 0
vt 0.6278938 0.5351474 0
vt 0.1983138 0.4462684 0
vt 0.1929614 0.4648407 0
vt 0.6121241 0.5351568 0
vt 0.1982272 0.4648324 0
vt 0.1928794 0.4833801 0
vt 0.5984641 0.5272783 0
vt 0.1981538 0.4833858 0
vt 0.1928196 0.5019366 0
vt 0.5905752 0.5136282 0
vt 0.1980957 0.501943 0
vt 0.1927687 0.5204963 0
vt 0.5905645 0.4978624 0
vt 0.1980451 0.5205018 0
vt 0.1927231 0.5390568 0
vt 0.5984398 0.4842006 0
vt 0.1979996 0.539061 0
vt 0.1926823 0.5576174 0
vt 0.6120922 0.476309 0
vt 0.1979588 0.5576204 0
vt 0.1926471 0.5761785 0
vt 0.6278586 0.4763008 0
vt 0.1979233 0.5761803 0
vt 0.1926218 0.5947406 0
vt 0.641519 0.4841741 0
vt 0.1978969 0.5947426 0
vt 0.1664152 0.1554296 0
vt 0.1664152 0.1669723 0
vt 0.1764167 0.1727323 0
vt 0.1864045 0.1669577 0
vt 0.186398 0.1554193 0
vt 0.1764013 0.1496564 0
vt 0.16988 0.1647135 0
vt 0.1701026 0.1573069 0
vt 0.176191 0.1686009 0
vt 0.182714 0.1650872 0
vt 0.1829323 0.1576782 0
vt 0.1766238 0.1537876 0
vt 0.1764781 0.1563248 0
vt 0.1806634 0.1588193 0
vt 0.1805909 0.163691 0
vt 0.1763362 0.1660632 0
vt 0.1721521 0.1635711 0
vt 0.1722268 0.1587018 0
vt 0.123804 0.149667 0
vt 0.1122693 0.1496564 0
vt 0.1064899 0.1596409 0
vt 0.1122492 0.1696478 0
vt 0.1237952 0.1696478 0
vt 0.129566 0.1596584 0
vt 0.1145207 0.1531276 0
vt 0.1219264 0.1533544 0
vt 0.1106219 0.1594305 0
vt 0.1141267 0.1659618 0
vt 0.1215354 0.1661826 0
vt 0.1254343 0.1598816 0
vt 0.1228975 0.1597318 0
vt 0.1203942 0.1639111 0
vt 0.1155252 0.1638384 0
vt 0.1131589 0.1595806 0
vt 0.1156584 0.1554 0
vt 0.1205288 0.1554761 0
vt 0.00390629 0.1696443 0
vt 0.00390629 0.1811955 0
vt 0.01391569 0.1869517 0
vt 0.02389644 0.1811739 0
vt 0.0238894 0.1696457 0
vt 0.01390323 0.1638759 0
vt 0.007370312 0.1789346 0
vt 0.007590888 0.1715237 0
vt 0.01368035 0.1828213 0
vt 0.02020283 0.1793072 0
vt 0.02042045 0.1719032 0
vt 0.01411912 0.1680074 0
vt 0.01396948 0.1705436 0
vt 0.0181498 0.173045 0
vt 0.01807873 0.1779119 0
vt 0.01382193 0.1802831 0
vt 0.009640864 0.1777902 0
vt 0.009717476 0.1729161 0
vt 0.02711046 0.1928228 0
vt 0.01711016 0.1985847 0
vt 0.01711016 0.2101395 0
vt 0.0271218 0.2158977 0
vt 0.03709967 0.210116 0
vt 0.03709398 0.1985898 0
vt 0.02079575 0.2004601 0
vt 0.02732302 0.1969564 0
vt 0.02057341 0.207879 0
vt 0.0268846 0.2117681 0
vt 0.03340564 0.2082487 0
vt 0.03362523 0.200848 0
vt 0.03135327 0.2019878 0
vt 0.03127945 0.2068555 0
vt 0.02702874 0.2092309 0
vt 0.02284282 0.2067334 0
vt 0.02291554 0.2018615 0
vt 0.02717161 0.1994945 0
vt 0.6193725 0.1306196 0
vt 0.6242864 0.1220784 0
vt 0.6328067 0.1171417 0
vt 0.6426597 0.1171192 0
vt 0.6512021 0.1220298 0
vt 0.6561423 0.1305556 0
vt 0.6561579 0.1404028 0
vt 0.651251 0.1489476 0
vt 0.6427268 0.1538909 0
vt 0.6328728 0.1539062 0
vt 0.6243367 0.1489958 0
vt 0.6193906 0.1404734 0
vt 0.6354487 0.6870207 0
vt 0.6241933 0.6805234 0
vt 0.6176924 0.6692684 0
vt 0.6176908 0.6562705 0
vt 0.6241894 0.6450136 0
vt 0.635444 0.6385149 0
vt 0.6484415 0.6385124 0
vt 0.6596987 0.6450099 0
vt 0.6661982 0.6562663 0
vt 0.666199 0.6692623 0
vt 0.6597024 0.6805198 0
vt 0.6484468 0.6870202 0
vt 0.6382114 0.677151 0
vt 0.6315198 0.6733551 0
vt 0.627621 0.6667245 0
vt 0.627561 0.6590323 0
vt 0.6313554 0.652341 0
vt 0.6379886 0.6484439 0
vt 0.6456802 0.6483828 0
vt 0.6523719 0.6521769 0
vt 0.6562695 0.6588085 0
vt 0.6563279 0.6665016 0
vt 0.652535 0.6731934 0
vt 0.6459034 0.6770915 0
vt 0.6269993 0.1329273 0
vt 0.629735 0.1278928 0
vt 0.6346284 0.1249036 0
vt 0.6403544 0.1247478 0
vt 0.6453905 0.1274816 0
vt 0.6483827 0.1323679 0
vt 0.6485248 0.1381004 0
vt 0.6457968 0.1431373 0
vt 0.6409112 0.146132 0
vt 0.6351834 0.1462802 0
vt 0.6301477 0.143537 0
vt 0.6271497 0.1386558 0
vt 0.2407012 0.1158537 0
vt 0.2408289 0.1210623 0
vt 0.6343925 0.6909851 0
vt 0.2222478 0.1157833 0
vt 0.6212962 0.6834284 0
vt 0.2222678 0.1210216 0
vt 0.25884 0.1154999 0
vt 0.2596499 0.1207732 0
vt 0.6495142 0.6909815 0
vt 0.05534498 0.1154999 0
vt 0.05519812 0.1207468 0
vt 0.6626076 0.6834165 0
vt 0.07383611 0.115499 0
vt 0.07381172 0.1207432 0
vt 0.6701634 0.6703188 0
vt 0.09238943 0.1155237 0
vt 0.09238196 0.1207712 0
vt 0.6701596 0.6551988 0
vt 0.1109455 0.1155639 0
vt 0.1109407 0.1208125 0
vt 0.6625956 0.6421048 0
vt 0.1295006 0.1156051 0
vt 0.1294971 0.1208541 0
vt 0.6494975 0.6345481 0
vt 0.1480553 0.1156432 0
vt 0.1480529 0.1208922 0
vt 0.6343767 0.6345534 0
vt 0.1666097 0.1156773 0
vt 0.1666086 0.1209263 0
vt 0.6212843 0.6421166 0
vt 0.1851635 0.115708 0
vt 0.1851639 0.1209566 0
vt 0.6137265 0.6552142 0
vt 0.203714 0.1157389 0
vt 0.2037177 0.1209857 0
vt 0.6137311 0.670336 0
vt 0.2222649 0.1412486 0
vt 0.2222794 0.1359768 0
vt 0.6083383 0.1276446 0
vt 0.2407608 0.141209 0
vt 0.616217 0.1139844 0
vt 0.2408961 0.1359342 0
vt 0.2587552 0.1415404 0
vt 0.6298672 0.1060955 0
vt 0.2595097 0.1361731 0
vt 0.05534753 0.1408553 0
vt 0.6456329 0.1060848 0
vt 0.05523138 0.135619 0
vt 0.07380578 0.1409644 0
vt 0.6592946 0.1139601 0
vt 0.07379545 0.1356985 0
vt 0.0923452 0.1410393 0
vt 0.6671862 0.1276124 0
vt 0.09234886 0.1357649 0
vt 0.1109017 0.141092 0
vt 0.6671943 0.1433785 0
vt 0.1109061 0.1358159 0
vt 0.1294615 0.1411359 0
vt 0.6593213 0.1570387 0
vt 0.1294649 0.1358594 0
vt 0.1480219 0.1411744 0
vt 0.6456695 0.1649338 0
vt 0.1480241 0.1358979 0
vt 0.1665826 0.1412081 0
vt 0.5056487 0.08707462 0
vt 0.9347439 0.06431859 0
vt 0.9347439 0.003906261 0
vt 0.9596281 0.8581536 0
vt 0.004434445 0.06843974 0
vt 0.9775878 0.8023801 0
vt 0.9527036 0.1200921 0
vt 0.5056487 0.01863361 0
vt 0.6326414 0.6280427 0
vt 0.00390625 0.128387 0
vt 0.9215736 0.8581537 0
vt 0.5869399 0.01863361 0
vt 0.7241393 0.1694844 0
vt 0.3631897 0.08350152 0
vt 0.7623063 0.1247816 0
vt 0.3641823 0.1633561 0
vt 0.06360359 0.9629755 0
vt 0.9347439 0.8581537 0
vt 0.1240159 0.9629755 0
vt 0.1669598 0.9238705 0
vt 0.2558213 0.5882134 0
vt 0.04274381 0.02567743 0
vt 0.7610755 0.06413883 0
vt 0.9464577 0.8581536 0
vt 0.6512494 0.6974922 0
vt 0.03735431 0.1151233 0
vt 0.9919555 0.7515923 0
vt 0.9670713 0.1708799 0
vt 0.6758268 0.1911781 0
vt 0.04624176 0.05139374 0
vt 0.1946456 0.3517078 0
vt 0.7207866 0.02146658 0
vt 0.1837132 0.8714317 0
vt 0.09333978 0.005435199 0
vt 0.9527036 0.8029194 0
vt 0.2727322 0.1635536 0
vt 0.6016342 0.125829 0
vt 0.04181358 0.1722028 0
vt 0.9960937 0.7256432 0
vt 0.5310088 0.01863361 0
vt 0.9960937 0.1986439 0
vt 0.6512497 0.5503423 0
vt 0.9712096 0.7238283 0
vt 0.9712096 0.196829 0
vt 0.1198885 0.1934186 0
vt 0.5310088 0.08707462 0
vt 0.6493164 0.1934186 0
vt 0.6705186 0.005591466 0
vt 0.6444224 0.005776976 0
vt 0.3361151 0.07869074 0
vt 0.1196366 0.00390625 0
vt 0.3364371 0.1686945 0
vt 0.9670713 0.7497773 0
vt 0.09364185 0.1907306 0
vt 0.3745051 0.1620827 0
vt 0.4954956 0.08707462 0
vt 0.3735185 0.08431584 0
vt 0.4954956 0.01863361 0
vt 0.245648 0.6111295 0
vt 0.2411632 0.6419195 0
vt 0.5924778 0.06841157 0
vt 0.5924778 0.03729667 0
vt 0.251674 0.4785727 0
vt 0.2447596 0.4482358 0
vt 0.3726421 0.1422187 0
vt 0.372452 0.1043725 0
vt 0.6766695 0.6720713 0
vt 0.2384731 0.6603876 0
vt 0.1923151 0.3468607 0
vt 0.1985868 0.3426357 0
vt 0.5924778 0.01863361 0
vt 0.2670848 0.1629768 0
vt 0.5924778 0.08707462 0
vt 0.2084099 0.3803346 0
vt 0.2558213 0.5555066 0
vt 0.3093047 0.1703835 0
vt 0.5542331 0.01863361 0
vt 0.6072204 0.5943719 0
vt 0.3429075 0.4001277 0
vt 0.3429075 0.4176588 0
vt 0.3695762 0.4176588 0
vt 0.3695762 0.4001277 0
vt 0.2937887 0.4808 0
vt 0.3105621 0.482657 0
vt 0.4019216 0.4826571 0
vt 0.4186949 0.4808001 0
vt 0.3355489 0.4394235 0
vt 0.3769347 0.4394235 0
vt 0.418463 0.4336922 0
vt 0.3667339 0.3873256 0
vt 0.2939807 0.4337428 0
vt 0.3457498 0.3873256 0
vt 0.2796635 0.4414536 0
vt 0.6270681 0.01863441 0
vt 0.4327708 0.4414205 0
vt 0.6326397 0.6974911 0
vt 0.3429075 0.4680949 0
vt 0.3695762 0.4680949 0
vt 0.6006185 0.04508573 0
vt 0.3429075 0.5439633 0
vt 0.6165263 0.5596461 0
vt 0.3695762 0.5439633 0
vt 0.3429075 0.487055 0
vt 0.3695762 0.487055 0
vt 0.6646586 0.4735509 0
vt 0.1740329 0.2055135 0
vt 0.6646065 0.485124 0
vt 0.6646586 0.4966971 0
vt 0.6647628 0.5082699 0
vt 0.6648149 0.519843 0
vt 0.6668586 0.3966305 0
vt 0.6647628 0.5314161 0
vt 0.6647628 0.4619781 0
vt 0.1301443 0.02764065 0
vt 0.1243577 0.01761794 0
vt 0.6464416 0.4792741 0
vt 0.1243577 0.03766335 0
vt 0.1127845 0.03766335 0
vt 0.1069978 0.02764064 0
vt 0.7096283 0.5314161 0
vt 0.1127845 0.01761794 0
vt 0.6103112 0.4695957 0
vt 0.4490556 0.698981 0
vt 0.4489032 0.5282031 0
vt 0.5982343 0.4137756 0
vt 0.3738572 0.7037767 0
vt 0.3753971 0.5220066 0
vt 0.3720904 0.7101113 0
vt 0.3753536 0.5154768 0
vt 0.6067126 0.4127452 0
vt 0.3737565 0.7164013 0
vt 0.3785847 0.5098916 0
vt 0.5935398 0.5321763 0
vt 0.3783416 0.7209856 0
vt 0.3841815 0.5066681 0
vt 0.6321335 0.3873265 0
vt 0.3845996 0.7226597 0
vt 0.3906264 0.5066791 0
vt 0.390856 0.7209771 0
vt 0.2273507 0.1792192 0
vt 0.3962121 0.5098856 0
vt 0.3954175 0.7163658 0
vt 0.6474511 0.171647 0
vt 0.3994671 0.5154802 0
vt 0.3970433 0.7100802 0
vt 0.399433 0.5220742 0
vt 0.01761801 0.1018308 0
vt 0.3952506 0.7037887 0
vt 0.01773599 0.08642975 0
vt 0.6160175 0.4474701 0
vt 0.6321316 0.4567748 0
vt 0.5982316 0.4331433 0
vt 0.6507414 0.456776 0
vt 0.01848217 0.08108972 0
vt 0.01843696 0.1071308 0
vt 0.5885476 0.4499095 0
vt 0.2010022 0.2161624 0
vt 0.6668582 0.4474709 0
vt 0.5460248 0.5307071 0
vt 0.5717802 0.4595905 0
vt 0.6761616 0.431355 0
vt 0.5524151 0.4595905 0
vt 0.2071503 0.2055135 0
vt 0.6761625 0.4127475 0
vt 0.5356464 0.4499062 0
vt 0.5259683 0.4331391 0
vt 0.6507419 0.3873256 0
vt 0.5173576 0.5051672 0
vt 0.5259661 0.413779 0
vt 0.5356465 0.3970076 0
vt 0.6160185 0.3966294 0
vt 0.5524169 0.3873256 0
vt 0.5717779 0.3873256 0
vt 0.5406693 0.7417983 0
vt 0.6067126 0.4313552 0
vt 0.5885481 0.3970035 0
vt 0.180181 0.2019639 0
vt 0.1863291 0.2055135 0
vt 0.5987159 0.5490246 0
vt 0.1863291 0.2126128 0
vt 0.180181 0.2161624 0
vt 0.1740329 0.2126128 0
vt 0.1593594 0.2019639 0
vt 0.1532113 0.2055135 0
vt 0.1655075 0.2055135 0
vt 0.6561276 0.4960456 0
vt 0.1655075 0.2126128 0
vt 0.1593594 0.2161624 0
vt 0.1532113 0.2126128 0
vt 0.08211373 0.03138364 0
vt 0.4779195 0.1151102 0
vt 0.08566334 0.03753174 0
vt 0.08566334 0.02523554 0
vt 0.09276255 0.02523554 0
vt 0.09631216 0.03138364 0
vt 0.09276255 0.03753174 0
vt 0.2999771 0.616897 0
vt 0.2010022 0.2019639 0
vt 0.1948541 0.2055135 0
vt 0.2071503 0.2126128 0
vt 0.1948541 0.2126128 0
vt 0.534756 0.1637585 0
vt 0.04605699 0.0667941 0
vt 0.1841896 0.2344499 0
vt 0.6165253 0.6104868 0
vt 0.6326394 0.6197915 0
vt 0.6006185 0.06445175 0
vt 0.6512492 0.6197927 0
vt 0.04701109 0.04605699 0
vt 0.534413 0.7434812 0
vt 0.04685295 0.07209761 0
vt 0.6103004 0.02831779 0
vt 0.667366 0.6104876 0
vt 0.6766694 0.5943717 0
vt 0.6464353 0.01863358 0
vt 0.1903377 0.2238011 0
vt 0.6766703 0.5757642 0
vt 0.6632053 0.02831914 0
vt 0.4583435 0.5197294 0
vt 0.6673664 0.5596472 0
vt 0.6728832 0.04508757 0
vt 0.6728843 0.06444829 0
vt 0.6326413 0.5503432 0
vt 0.6632029 0.0812191 0
vt 0.6464323 0.09089992 0
vt 0.4906889 0.5241273 0
vt 0.6072204 0.5757619 0
vt 0.6270723 0.09089896 0
vt 0.6103039 0.08122137 0
vt 0.4882418 0.1138516 0
vt 0.5934935 0.09531749 0
vt 0.5833404 0.09531749 0
vt 0.6165254 0.6881866 0
vt 0.4872676 0.03602718 0
vt 0.4769336 0.03521232 0
vt 0.5833404 0.1637585 0
vt 0.5934935 0.1637585 0
vt 0.2811968 0.641092 0
vt 0.276712 0.671882 0
vt 0.4965113 0.1139805 0
vt 0.4965113 0.1450954 0
vt 0.6512498 0.6280419 0
vt 0.2872227 0.5085353 0
vt 0.2803083 0.4781984 0
vt 0.4864014 0.09397788 0
vt 0.4862273 0.05610321 0
vt 0.2740219 0.6903502 0
vt 0.2278638 0.3768233 0
vt 0.611319 0.10906 0
vt 0.2301944 0.3816704 0
vt 0.2341356 0.3725983 0
vt 0.4965113 0.1637585 0
vt 0.3808484 0.1147226 0
vt 0.4965113 0.09531749 0
vt 0.6165264 0.6373456 0
vt 0.2913701 0.618176 0
vt 0.5579803 0.09531749 0
vt 0.45018 0.1204357 0
vt 0.4498463 0.03043413 0
vt 0.5579803 0.1637585 0
vt 0.2439587 0.4102972 0
vt 0.6642214 0.1619612 0
vt 0.2913701 0.5854692 0
vt 0.3864949 0.1152918 0
vt 0.5020492 0.1637585 0
vt 0.4230547 0.1221195 0
vt 0.490689 0.4372001 0
vt 0.490689 0.4547311 0
vt 0.5173577 0.4547311 0
vt 0.5173577 0.4372001 0
vt 0.4415702 0.5178724 0
vt 0.549703 0.5197294 0
vt 0.5664764 0.5178724 0
vt 0.4833304 0.4764958 0
vt 0.5247162 0.4764959 0
vt 0.5662445 0.4707646 0
vt 0.5145154 0.4243979 0
vt 0.4417622 0.4708151 0
vt 0.4935313 0.4243979 0
vt 0.427445 0.478526 0
vt 0.5805523 0.4784928 0
vt 0.4906889 0.5051672 0
vt 0.490689 0.5810357 0
vt 0.5173576 0.5810356 0
vt 0.5173576 0.5241273 0
vt 0.4574597 0.6401225 0
vt 0.4574076 0.6516956 0
vt 0.4574597 0.6632687 0
vt 0.4575639 0.6748415 0
vt 0.457616 0.6864146 0
vt 0.4575639 0.6979877 0
vt 0.4575639 0.6285497 0
vt 0.1616304 0.02713281 0
vt 0.1558438 0.0171101 0
vt 0.1558438 0.03715551 0
vt 0.1442706 0.03715551 0
vt 0.1384839 0.0271328 0
vt 0.5024294 0.6979877 0
vt 0.1442706 0.0171101 0
vt 0.5988682 0.7198025 0
vt 0.5236699 0.7245985 0
vt 0.5252097 0.542828 0
vt 0.5219034 0.7309332 0
vt 0.5251663 0.5362982 0
vt 0.5235697 0.7372231 0
vt 0.1927757 0.428241 0
vt 0.6464419 0.5321795 0
vt 0.5283974 0.530713 0
vt 0.6474469 0.09938022 0
vt 0.5281549 0.7418073 0
vt 0.5339941 0.5274895 0
vt 0.5404391 0.5275006 0
vt 0.5452307 0.7371869 0
vt 0.5492798 0.5363017 0
vt 0.5468563 0.7309013 0
vt 0.5492456 0.5428957 0
vt 0.1980792 0.427445 0
vt 0.5450634 0.7246098 0
vt 0.2134796 0.4276298 0
vt 0.3694261 0.6355069 0
vt 0.369427 0.6168994 0
vt 0.6561254 0.5154127 0
vt 0.3601232 0.6007823 0
vt 0.2188163 0.4283991 0
vt 0.629672 0.4695961 0
vt 0.3440064 0.5914774 0
vt 0.6296742 0.5418609 0
vt 0.3253981 0.5914782 0
vt 0.6103087 0.5418609 0
vt 0.309283 0.6007811 0
vt 0.5838617 0.5154089 0
vt 0.2999771 0.635507 0
vt 0.5838599 0.4960486 0
vt 0.309282 0.6516219 0
vt 0.5935407 0.4792773 0
vt 0.3253961 0.6609265 0
vt 0.3440059 0.6609278 0
vt 0.3601226 0.6516227 0
vt 0.1841896 0.2273507 0
vt 0.1964858 0.2273507 0
vt 0.1964858 0.2344499 0
vt 0.1903377 0.2379995 0
vt 0.2379995 0.1730711 0
vt 0.2344499 0.166923 0
vt 0.2344499 0.1792192 0
vt 0.2238011 0.1730711 0
vt 0.2273507 0.166923 0
vt 0.2390903 0.03181637 0
vt 0.2452384 0.02826676 0
vt 0.2329422 0.02826676 0
vt 0.2329422 0.02116755 0
vt 0.2390903 0.01761794 0
vt 0.2452384 0.02116755 0
vt 0.05418253 0.1552966 0
vt 0.05773214 0.1614448 0
vt 0.05773214 0.1491485 0
vt 0.06483136 0.1491486 0
vt 0.06838096 0.1552967 0
vt 0.06483135 0.1614448 0
vt 0.03658701 0.1204603 0
vt 0.0364081 0.1358607 0
vt 0.03720608 0.1411639 0
vt 0.6280866 0.09938198 0
vt 0.6673661 0.688187 0
vt 0.664218 0.1090611 0
vt 0.6766703 0.6534638 0
vt 0.6738995 0.1258315 0
vt 0.6673665 0.6373468 0
vt 0.673899 0.1451919 0
vt 0.6280837 0.1716465 0
vt 0.6072205 0.6534615 0
vt 0.6113161 0.161963 0
vt 0.6072205 0.6720715 0
vt 0.6016342 0.1451949 0
#end 1358 textures vertices 

#begin 0 normals 
#end 0 normals 

#begin 1638 faces
o Box001
s 4
f 7/7 12/12 11/11 5/5 
s 8
f 5/986 11/991 10/10 1/1 
s 16
f 2/2 6/6 8/8 4/4 
s 32
f 8/8 16/16 13/13 4/4 
s 64
f 3/3 7/987 5/986 1/1 
s 4
f 20/20 19/19 11/11 12/12 
s 8
f 19/1012 18/18 10/10 11/991 
s 32
f 7/988 3/1008 9/9 12/990 
s 32
f 23/23 22/22 13/13 16/16 
s 4
f 8/1003 6/1001 15/15 16/1004 
s 8
f 6/1002 2/995 14/14 15/1019 
s 4
f 27/27 28/28 31/31 32/32 
s 8
f 31/1027 26/26 25/25 32/1028 
s 32
f 12/990 9/9 17/17 20/1011 
s 32
f 27/1023 30/30 29/29 28/1025 
s 4
f 16/1004 15/15 24/24 23/1017 
s 8
f 15/1019 14/14 21/21 24/1037 
s 4
f 23/1017 24/24 31/31 28/28 
s 4
f 19/19 20/20 27/27 32/32 
s 8
f 24/1037 21/21 26/26 31/1027 
s 8
f 18/18 19/1012 32/1028 25/25 
s 32
f 20/1011 17/17 30/30 27/1023 
s 32
f 22/22 23/23 28/1025 29/29 
s 0
f 25/1031 26/1029 37/37 36/36 
s 0
f 2/994 4/989 41/41 40/40 
s 0
f 29/1035 30/1033 45/45 44/44 
s 0
f 3/1007 1/999 33/33 48/48 
s 0
f 1/999 10/997 34/34 33/33 
s 0
f 10/997 18/1013 35/35 34/34 
s 0
f 18/1013 25/1031 36/36 35/35 
s 0
f 26/1029 21/1038 38/38 37/37 
s 0
f 21/1038 14/1022 39/39 38/38 
s 0
f 14/1022 2/994 40/40 39/39 
s 0
f 4/989 13/1006 42/42 41/41 
s 0
f 13/1006 22/1018 43/43 42/42 
s 0
f 22/1018 29/1035 44/44 43/43 
s 0
f 30/1033 17/1032 46/46 45/45 
s 0
f 17/1032 9/1016 47/47 46/46 
s 0
f 9/1016 3/1007 48/48 47/47 
o Box004
s 2
f 49/49 51/51 69/69 70/70 
s 4
f 53/53 65/65 66/66 55/55 
s 8
f 58/58 80/80 79/79 57/57 
s 16
f 61/61 62/62 58/1044 57/1043 
s 32
f 64/64 67/67 68/68 63/63 
s 64
f 60/60 59/59 64/1048 63/1047 
s 8
f 54/54 73/73 80/80 58/58 
s 8
f 49/1039 70/1000 71/71 60/1049 
s 16
f 56/56 54/1052 58/1044 62/62 
s 16
f 50/50 52/52 61/61 57/1043 
s 32
f 55/1042 66/992 67/67 64/64 
s 32
f 52/1057 77/77 76/76 61/1045 
s 64
f 53/53 55/55 64/1048 59/59 
s 64
f 51/51 49/49 60/60 63/1047 
s 2
f 89/89 88/88 70/70 69/69 
s 4
f 65/65 93/93 92/92 66/66 
s 8
f 59/1050 60/1049 71/71 72/72 
s 32
f 91/91 90/90 68/68 67/67 
s 8
f 53/1041 59/1050 72/72 65/998 
s 8
f 88/1036 87/87 71/71 70/1000 
s 32
f 92/1024 91/91 67/67 66/992 
s 32
f 51/1040 63/63 68/68 69/985 
s 8
f 95/95 96/96 82/82 83/83 
s 8
f 103/103 104/104 80/80 73/73 
s 32
f 99/99 100/100 76/76 77/77 
s 2
f 77/1005 52/52 50/50 78/78 
s 4
f 54/1053 56/1054 74/74 73/1015 
s 32
f 62/1046 61/1045 76/76 75/75 
s 8
f 50/1056 57/57 79/79 78/1020 
s 32
f 56/1055 62/1046 75/75 74/996 
s 0
f 87/87 86/86 81/81 71/71 
s 0
f 79/79 80/80 83/83 82/82 
s 0
f 104/104 95/95 83/83 80/80 
s 0
f 72/72 71/71 81/81 84/84 
s 2
f 99/1059 98/98 88/88 89/89 
s 4
f 93/93 103/1058 102/102 92/92 
s 32
f 101/101 100/100 90/90 91/91 
s 8
f 98/1060 97/97 87/87 88/1036 
s 32
f 102/1061 101/101 91/91 92/1024 
s 8
f 84/84 81/81 86/86 85/85 
s 8
f 65/998 72/72 94/94 93/1034 
s 32
f 69/985 68/68 90/90 89/1030 
s 0
f 97/97 96/96 86/86 87/87 
s 0
f 94/94 72/72 84/84 85/85 
s 8
f 85/85 86/86 96/96 95/95 
s 8
f 93/1034 94/94 104/104 103/103 
s 32
f 89/1030 90/90 100/100 99/99 
s 0
f 104/104 94/94 85/85 95/95 
s 2
f 99/1059 77/1005 78/78 98/98 
s 4
f 73/1015 74/74 102/102 103/1058 
s 32
f 75/75 76/76 100/100 101/101 
s 8
f 78/1020 79/79 97/97 98/1060 
s 32
f 74/996 75/75 101/101 102/1061 
s 0
f 79/79 82/82 96/96 97/97 
o Box005
s 2
f 107/107 123/123 124/124 105/105 
s 4
f 121/121 122/122 111/111 109/109 
s 8
f 128/128 125/125 126/126 127/127 
s 16
f 106/106 108/108 112/112 110/110 
s 32
f 115/115 114/114 112/112 108/108 
s 64
f 117/117 118/118 119/119 120/120 
s 2
f 115/1071 108/108 106/106 116/116 
s 4
f 110/110 112/112 114/1072 113/113 
s 8
f 106/106 110/110 113/1082 116/1081 
s 32
f 123/1064 122/1065 114/114 115/115 
s 2
f 107/107 105/105 118/1077 117/1075 
s 0
f 105/1084 109/1086 119/119 118/118 
s 4
f 109/109 111/111 120/1073 119/1079 
s 0
f 111/1066 107/1063 117/1076 120/1074 
s 2
f 123/123 115/1071 116/116 124/124 
s 4
f 113/113 114/1072 122/122 121/121 
s 8
f 116/1081 113/1082 121/1088 124/1087 
s 32
f 107/1063 111/1066 122/1065 123/1064 
s 4
f 121/121 109/109 126/1070 125/1069 
s 0
f 109/1086 105/1084 127/127 126/126 
s 2
f 105/105 124/124 128/1068 127/1067 
s 0
f 124/1087 121/1088 125/125 128/128 
o Cylinder010
s 1
f 137/137 136/136 135/135 
s 1
f 135/135 134/134 133/133 
s 1
f 137/137 135/135 133/133 
s 1
f 138/138 137/137 133/133 
s 8
f 133/1094 134/1093 140/140 
s 8
f 140/140 139/139 133/1094 
s 8
f 134/1093 135/1092 141/141 
s 8
f 141/141 140/140 134/1093 
s 8
f 135/1092 136/1091 142/142 
s 8
f 142/142 141/141 135/1092 
s 8
f 136/1091 137/1089 143/143 
s 8
f 143/143 142/142 136/1091 
s 8
f 137/1089 138/1097 144/144 
s 8
f 144/144 143/143 137/1089 
s 8
f 138/1096 133/1094 139/139 
s 8
f 139/139 144/1104 138/1096 
s 1
f 139/1099 140/1098 141/1101 
s 1
f 141/1101 142/1102 143/1103 
s 1
f 139/1099 141/1101 143/1103 
s 1
f 144/1105 139/1099 143/1103 
o Cylinder012
s 1
f 172/172 173/173 174/174 
s 1
f 174/174 175/175 176/176 
s 1
f 176/176 177/177 178/178 
s 1
f 174/174 176/176 178/178 
s 1
f 178/178 179/179 180/180 
s 1
f 180/180 169/169 170/170 
s 1
f 178/178 180/180 170/170 
s 1
f 174/174 178/178 170/170 
s 1
f 172/172 174/174 170/170 
s 1
f 171/171 172/172 170/170 
s 8
f 145/145 146/146 158/158 
s 8
f 158/158 157/157 145/145 
s 8
f 146/146 147/147 159/159 
s 8
f 159/159 158/158 146/146 
s 8
f 147/1107 148/148 160/160 
s 8
f 160/160 159/1108 147/1107 
s 8
f 148/148 149/149 161/161 
s 8
f 161/161 160/160 148/148 
s 8
f 149/149 150/150 162/162 
s 8
f 162/162 161/161 149/149 
s 8
f 150/150 151/151 163/163 
s 8
f 163/163 162/162 150/150 
s 8
f 151/151 152/152 164/164 
s 8
f 164/164 163/163 151/151 
s 8
f 152/152 153/153 165/165 
s 8
f 165/165 164/164 152/152 
s 8
f 153/153 154/154 166/166 
s 8
f 166/166 165/165 153/153 
s 8
f 154/154 155/155 167/167 
s 8
f 167/167 166/166 154/154 
s 8
f 155/155 156/156 168/168 
s 8
f 168/168 167/167 155/155 
s 8
f 156/156 145/145 157/157 
s 8
f 157/157 168/168 156/156 
s 1
f 181/181 182/182 183/183 
s 1
f 183/183 184/184 185/185 
s 1
f 185/185 186/186 187/187 
s 1
f 183/183 185/185 187/187 
s 1
f 187/187 188/188 189/189 
s 1
f 189/189 190/190 191/191 
s 1
f 187/187 189/189 191/191 
s 1
f 183/183 187/187 191/191 
s 1
f 181/181 183/183 191/191 
s 1
f 192/192 181/181 191/191 
s 2
f 146/146 145/145 170/170 
s 2
f 170/170 169/169 146/146 
s 2
f 145/145 156/1132 171/171 
s 2
f 171/171 170/170 145/145 
s 2
f 156/1132 155/1129 172/172 
s 2
f 172/172 171/171 156/1132 
s 2
f 155/1129 154/1126 173/173 
s 2
f 173/173 172/172 155/1129 
s 2
f 154/1126 153/1123 174/174 
s 2
f 174/174 173/173 154/1126 
s 2
f 153/1123 152/1121 175/175 
s 2
f 175/175 174/174 153/1123 
s 2
f 152/1121 151/1118 176/176 
s 2
f 176/176 175/175 152/1121 
s 2
f 151/1118 150/1115 177/177 
s 2
f 177/177 176/176 151/1118 
s 2
f 150/1115 149/1112 178/178 
s 2
f 178/178 177/177 150/1115 
s 2
f 149/1112 148/1110 179/179 
s 2
f 179/179 178/178 149/1112 
s 2
f 148/1110 147/147 180/180 
s 2
f 180/180 179/179 148/1110 
s 2
f 147/147 146/146 169/169 
s 2
f 169/169 180/180 147/147 
s 0
f 157/157 158/158 182/182 
s 0
f 182/182 181/181 157/157 
s 0
f 158/158 159/159 183/183 
s 0
f 183/183 182/182 158/158 
s 0
f 159/159 160/1111 184/184 
s 0
f 184/184 183/183 159/159 
s 0
f 160/1111 161/1113 185/185 
s 0
f 185/185 184/184 160/1111 
s 0
f 161/1113 162/1116 186/186 
s 0
f 186/186 185/185 161/1113 
s 0
f 162/1116 163/1119 187/187 
s 0
f 187/187 186/186 162/1116 
s 0
f 163/1119 164/1122 188/188 
s 0
f 188/188 187/187 163/1119 
s 0
f 164/1122 165/1125 189/189 
s 0
f 189/189 188/188 164/1122 
s 0
f 165/1125 166/1128 190/190 
s 0
f 190/190 189/189 165/1125 
s 0
f 166/1128 167/1130 191/191 
s 0
f 191/191 190/190 166/1128 
s 0
f 167/1130 168/168 192/192 
s 0
f 192/192 191/191 167/1130 
s 0
f 168/168 157/157 181/181 
s 0
f 181/181 192/192 168/168 
o Cylinder013
s 1
f 220/220 221/221 222/222 
s 1
f 222/222 223/223 224/224 
s 1
f 224/224 225/225 226/226 
s 1
f 222/222 224/224 226/226 
s 1
f 226/226 227/227 228/228 
s 1
f 228/228 217/217 218/218 
s 1
f 226/226 228/228 218/218 
s 1
f 222/222 226/226 218/218 
s 1
f 220/220 222/222 218/218 
s 1
f 219/219 220/220 218/218 
s 0
f 242/242 282/282 278/278 
s 0
f 278/278 246/246 242/242 
s 0
f 248/248 285/285 282/282 
s 0
f 282/282 242/242 248/248 
s 0
f 251/251 288/288 285/1131 
s 0
f 285/1131 248/1133 251/251 
s 0
f 254/254 291/291 288/288 
s 0
f 288/288 251/251 254/254 
s 0
f 257/257 294/294 291/291 
s 0
f 291/291 254/254 257/257 
s 0
f 260/260 297/297 294/294 
s 0
f 294/294 257/257 260/260 
s 0
f 263/263 300/300 297/297 
s 0
f 297/297 260/260 263/263 
s 0
f 266/266 303/303 300/300 
s 0
f 300/300 263/263 266/266 
s 0
f 269/269 306/306 303/303 
s 0
f 303/303 266/266 269/269 
s 0
f 272/272 309/309 306/306 
s 0
f 306/306 269/269 272/272 
s 0
f 275/275 312/312 309/309 
s 0
f 309/309 272/272 275/275 
s 0
f 246/246 278/278 312/312 
s 0
f 312/312 275/275 246/246 
s 1
f 229/229 230/230 231/231 
s 1
f 231/231 232/232 233/233 
s 1
f 233/233 234/234 235/235 
s 1
f 231/231 233/233 235/235 
s 1
f 235/235 236/236 237/237 
s 1
f 237/237 238/238 239/239 
s 1
f 235/235 237/237 239/239 
s 1
f 231/231 235/235 239/239 
s 1
f 229/229 231/231 239/239 
s 1
f 240/240 229/229 239/239 
s 0
f 281/281 194/194 193/193 
s 0
f 193/193 279/279 281/281 
s 0
f 284/284 195/195 194/194 
s 0
f 194/194 281/281 284/284 
s 0
f 287/287 196/196 195/195 
s 0
f 195/195 284/284 287/287 
s 0
f 290/290 197/197 196/196 
s 0
f 196/196 287/287 290/290 
s 0
f 293/293 198/198 197/197 
s 0
f 197/197 290/290 293/293 
s 0
f 296/296 199/199 198/198 
s 0
f 198/198 293/293 296/296 
s 0
f 299/299 200/200 199/199 
s 0
f 199/199 296/296 299/299 
s 0
f 302/302 201/201 200/200 
s 0
f 200/200 299/299 302/302 
s 0
f 305/305 202/202 201/201 
s 0
f 201/201 302/302 305/305 
s 0
f 308/308 203/203 202/202 
s 0
f 202/202 305/305 308/308 
s 0
f 311/311 204/204 203/203 
s 0
f 203/203 308/308 311/311 
s 0
f 279/279 193/193 204/204 
s 0
f 204/204 311/311 279/279 
s 0
f 245/245 206/206 205/205 
s 0
f 205/205 243/243 245/245 
s 0
f 276/276 207/207 206/206 
s 0
f 206/206 245/245 276/276 
s 0
f 273/273 208/208 207/207 
s 0
f 207/207 276/276 273/273 
s 0
f 270/270 209/209 208/208 
s 0
f 208/208 273/273 270/270 
s 0
f 267/267 210/210 209/209 
s 0
f 209/209 270/270 267/267 
s 0
f 264/264 211/211 210/210 
s 0
f 210/210 267/267 264/264 
s 0
f 261/261 212/212 211/211 
s 0
f 211/211 264/264 261/261 
s 0
f 258/258 213/213 212/212 
s 0
f 212/212 261/261 258/258 
s 0
f 255/255 214/214 213/213 
s 0
f 213/213 258/258 255/255 
s 0
f 252/252 215/215 214/214 
s 0
f 214/214 255/255 252/252 
s 0
f 249/249 216/216 215/215 
s 0
f 215/215 252/252 249/249 
s 0
f 243/243 205/205 216/216 
s 0
f 216/216 249/249 243/243 
s 0
f 205/205 206/206 218/218 
s 0
f 218/218 217/217 205/205 
s 0
f 206/206 207/207 219/219 
s 0
f 219/219 218/218 206/206 
s 0
f 207/207 208/208 220/220 
s 0
f 220/220 219/219 207/207 
s 0
f 208/208 209/209 221/221 
s 0
f 221/221 220/220 208/208 
s 0
f 209/209 210/210 222/222 
s 0
f 222/222 221/221 209/209 
s 0
f 210/210 211/211 223/223 
s 0
f 223/223 222/222 210/210 
s 0
f 211/211 212/212 224/224 
s 0
f 224/224 223/223 211/211 
s 0
f 212/212 213/213 225/225 
s 0
f 225/225 224/224 212/212 
s 0
f 213/213 214/214 226/226 
s 0
f 226/226 225/225 213/213 
s 0
f 214/214 215/215 227/227 
s 0
f 227/227 226/226 214/214 
s 0
f 215/215 216/216 228/228 
s 0
f 228/228 227/227 215/215 
s 0
f 216/216 205/205 217/217 
s 0
f 217/217 228/228 216/216 
s 0
f 193/193 194/194 230/230 
s 0
f 230/230 229/229 193/193 
s 0
f 194/194 195/195 231/231 
s 0
f 231/231 230/230 194/194 
s 0
f 195/195 196/196 232/232 
s 0
f 232/232 231/231 195/195 
s 0
f 196/196 197/197 233/233 
s 0
f 233/233 232/232 196/196 
s 0
f 197/197 198/198 234/234 
s 0
f 234/234 233/233 197/197 
s 0
f 198/198 199/199 235/235 
s 0
f 235/235 234/234 198/198 
s 0
f 199/199 200/200 236/236 
s 0
f 236/236 235/235 199/199 
s 0
f 200/200 201/201 237/237 
s 0
f 237/237 236/236 200/200 
s 0
f 201/201 202/202 238/238 
s 0
f 238/238 237/237 201/201 
s 0
f 202/202 203/203 239/239 
s 0
f 239/239 238/238 202/202 
s 0
f 203/203 204/204 240/240 
s 0
f 240/240 239/239 203/203 
s 0
f 204/204 193/193 229/229 
s 0
f 229/229 240/240 204/204 
s 0
f 242/242 246/246 244/244 
s 0
f 244/244 241/241 242/242 
s 0
f 278/278 282/282 280/280 
s 0
f 280/280 277/277 278/278 
s 0
f 248/248 242/242 241/241 
s 0
f 241/241 247/247 248/248 
s 0
f 282/282 285/285 283/283 
s 0
f 283/283 280/280 282/282 
s 0
f 251/251 248/1133 247/1138 
s 0
f 247/1138 250/250 251/251 
s 0
f 285/1131 288/288 286/286 
s 0
f 286/286 283/1139 285/1131 
s 0
f 254/254 251/251 250/250 
s 0
f 250/250 253/253 254/254 
s 0
f 288/288 291/291 289/289 
s 0
f 289/289 286/286 288/288 
s 0
f 257/257 254/254 253/253 
s 0
f 253/253 256/256 257/257 
s 0
f 291/291 294/294 292/292 
s 0
f 292/292 289/289 291/291 
s 0
f 260/260 257/257 256/256 
s 0
f 256/256 259/259 260/260 
s 0
f 294/294 297/297 295/295 
s 0
f 295/295 292/292 294/294 
s 0
f 263/263 260/260 259/259 
s 0
f 259/259 262/262 263/263 
s 0
f 297/297 300/300 298/298 
s 0
f 298/298 295/295 297/297 
s 0
f 266/266 263/263 262/262 
s 0
f 262/262 265/265 266/266 
s 0
f 300/300 303/303 301/301 
s 0
f 301/301 298/298 300/300 
s 0
f 269/269 266/266 265/265 
s 0
f 265/265 268/268 269/269 
s 0
f 303/303 306/306 304/304 
s 0
f 304/304 301/301 303/303 
s 0
f 272/272 269/269 268/268 
s 0
f 268/268 271/271 272/272 
s 0
f 306/306 309/309 307/307 
s 0
f 307/307 304/304 306/306 
s 0
f 275/275 272/272 271/271 
s 0
f 271/271 274/274 275/275 
s 0
f 309/309 312/312 310/310 
s 0
f 310/310 307/307 309/309 
s 0
f 246/246 275/275 274/274 
s 0
f 274/274 244/244 246/246 
s 0
f 312/312 278/278 277/277 
s 0
f 277/277 310/310 312/312 
s 0
f 281/281 279/279 277/1109 
s 0
f 277/1109 280/1136 281/281 
s 0
f 284/284 281/281 280/1136 
s 0
f 280/1136 283/1140 284/284 
s 0
f 287/287 284/284 283/1140 
s 0
f 283/1140 286/1144 287/287 
s 0
f 290/290 287/287 286/1144 
s 0
f 286/1144 289/1146 290/290 
s 0
f 293/293 290/290 289/1146 
s 0
f 289/1146 292/1149 293/293 
s 0
f 296/296 293/293 292/1149 
s 0
f 292/1149 295/1150 296/296 
s 0
f 299/299 296/296 295/1150 
s 0
f 295/1150 298/1153 299/299 
s 0
f 302/302 299/299 298/1153 
s 0
f 298/1153 301/1154 302/302 
s 0
f 305/305 302/302 301/1154 
s 0
f 301/1154 304/1156 305/305 
s 0
f 308/308 305/305 304/1156 
s 0
f 304/1156 307/1157 308/308 
s 0
f 311/311 308/308 307/1157 
s 0
f 307/1157 310/1160 311/311 
s 0
f 279/279 311/311 310/1160 
s 0
f 310/1160 277/1109 279/279 
s 0
f 245/245 243/243 241/1135 
s 0
f 241/1135 244/1134 245/245 
s 0
f 276/276 245/245 244/1134 
s 0
f 244/1134 274/1159 276/276 
s 0
f 273/273 276/276 274/1159 
s 0
f 274/1159 271/1114 273/273 
s 0
f 270/270 273/273 271/1114 
s 0
f 271/1114 268/1155 270/270 
s 0
f 267/267 270/270 268/1155 
s 0
f 268/1155 265/1120 267/267 
s 0
f 264/264 267/267 265/1120 
s 0
f 265/1120 262/1151 264/264 
s 0
f 261/261 264/264 262/1151 
s 0
f 262/1151 259/1095 261/261 
s 0
f 258/258 261/261 259/1095 
s 0
f 259/1095 256/1148 258/258 
s 0
f 255/255 258/258 256/1148 
s 0
f 256/1148 253/1145 255/255 
s 0
f 252/252 255/255 253/1145 
s 0
f 253/1145 250/1142 252/252 
s 0
f 249/249 252/252 250/1142 
s 0
f 250/1142 247/1137 249/249 
s 0
f 243/243 249/249 247/1137 
s 0
f 247/1137 241/1135 243/243 
o Cylinder014
s 1
f 326/326 327/327 328/328 
s 1
f 328/328 329/329 330/330 
s 1
f 326/326 328/328 330/330 
s 1
f 325/325 326/326 330/330 
s 1
f 319/319 314/314 313/313 
s 1
f 313/313 320/320 319/319 
s 2
f 321/321 315/315 314/314 
s 2
f 314/314 319/319 321/321 
s 1
f 322/322 316/316 315/315 
s 1
f 315/315 321/321 322/322 
s 2
f 323/323 317/317 316/316 
s 2
f 316/316 322/322 323/323 
s 1
f 324/324 318/318 317/317 
s 1
f 317/317 323/323 324/324 
s 2
f 320/320 313/313 318/318 
s 2
f 318/318 324/324 320/320 
s 4
f 313/1090 314/1161 315/1162 
s 4
f 315/1162 316/1164 317/1165 
s 4
f 313/1090 315/1162 317/1165 
s 4
f 318/1166 313/1090 317/1165 
s 4
f 326/326 325/325 324/324 
s 4
f 324/324 323/323 326/326 
s 8
f 327/327 326/326 323/323 
s 8
f 323/323 322/322 327/327 
s 4
f 328/328 327/327 322/322 
s 4
f 322/322 321/321 328/328 
s 8
f 329/329 328/328 321/321 
s 8
f 321/321 319/319 329/329 
s 4
f 330/330 329/329 319/319 
s 4
f 319/319 320/320 330/330 
s 8
f 325/325 330/330 320/320 
s 8
f 320/320 324/324 325/325 
o Cylinder015
s 1
f 344/344 345/345 346/346 
s 1
f 346/346 347/347 348/348 
s 1
f 344/344 346/346 348/348 
s 1
f 343/343 344/344 348/348 
s 1
f 337/337 332/332 331/331 
s 1
f 331/331 338/338 337/337 
s 2
f 339/339 333/333 332/332 
s 2
f 332/332 337/337 339/339 
s 1
f 340/340 334/334 333/333 
s 1
f 333/333 339/339 340/340 
s 2
f 341/341 335/335 334/334 
s 2
f 334/334 340/340 341/341 
s 1
f 342/342 336/336 335/335 
s 1
f 335/335 341/341 342/342 
s 2
f 338/338 331/331 336/336 
s 2
f 336/336 342/342 338/338 
s 4
f 331/1168 332/1167 333/1169 
s 4
f 333/1169 334/1171 335/1172 
s 4
f 331/1168 333/1169 335/1172 
s 4
f 336/1173 331/1168 335/1172 
s 4
f 344/344 343/343 342/342 
s 4
f 342/342 341/341 344/344 
s 8
f 345/345 344/344 341/341 
s 8
f 341/341 340/340 345/345 
s 4
f 346/346 345/345 340/340 
s 4
f 340/340 339/339 346/346 
s 8
f 347/347 346/346 339/339 
s 8
f 339/339 337/337 347/347 
s 4
f 348/348 347/347 337/337 
s 4
f 337/337 338/338 348/348 
s 8
f 343/343 348/348 338/338 
s 8
f 338/338 342/342 343/343 
o Cylinder016
s 1
f 362/362 363/363 364/364 
s 1
f 364/364 365/365 366/366 
s 1
f 362/362 364/364 366/366 
s 1
f 361/361 362/362 366/366 
s 1
f 355/355 350/350 349/349 
s 1
f 349/349 356/356 355/355 
s 2
f 357/357 351/351 350/350 
s 2
f 350/350 355/355 357/357 
s 1
f 358/358 352/352 351/351 
s 1
f 351/351 357/357 358/358 
s 2
f 359/359 353/353 352/352 
s 2
f 352/352 358/358 359/359 
s 1
f 360/360 354/354 353/353 
s 1
f 353/353 359/359 360/360 
s 2
f 356/356 349/349 354/354 
s 2
f 354/354 360/360 356/356 
s 4
f 349/1176 350/1174 351/1177 
s 4
f 351/1177 352/1178 353/1179 
s 4
f 349/1176 351/1177 353/1179 
s 4
f 354/1180 349/1176 353/1179 
s 4
f 362/362 361/361 360/360 
s 4
f 360/360 359/359 362/362 
s 8
f 363/363 362/362 359/359 
s 8
f 359/359 358/358 363/363 
s 4
f 364/364 363/363 358/358 
s 4
f 358/358 357/357 364/364 
s 8
f 365/365 364/364 357/357 
s 8
f 357/357 355/355 365/365 
s 4
f 366/366 365/365 355/355 
s 4
f 355/355 356/356 366/366 
s 8
f 361/361 366/366 356/356 
s 8
f 356/356 360/360 361/361 
o Cylinder017
s 1
f 380/380 381/381 382/382 
s 1
f 382/382 383/383 384/384 
s 1
f 380/380 382/382 384/384 
s 1
f 379/379 380/380 384/384 
s 1
f 373/373 368/368 367/367 
s 1
f 367/367 374/374 373/373 
s 2
f 375/375 369/369 368/368 
s 2
f 368/368 373/373 375/375 
s 1
f 376/376 370/370 369/369 
s 1
f 369/369 375/375 376/376 
s 2
f 377/377 371/371 370/370 
s 2
f 370/370 376/376 377/377 
s 1
f 378/378 372/372 371/371 
s 1
f 371/371 377/377 378/378 
s 2
f 374/374 367/367 372/372 
s 2
f 372/372 378/378 374/374 
s 4
f 367/1183 368/1182 369/1147 
s 4
f 369/1147 370/1184 371/1141 
s 4
f 367/1183 369/1147 371/1141 
s 4
f 372/1185 367/1183 371/1141 
s 4
f 380/380 379/379 378/378 
s 4
f 378/378 377/377 380/380 
s 8
f 381/381 380/380 377/377 
s 8
f 377/377 376/376 381/381 
s 4
f 382/382 381/381 376/376 
s 4
f 376/376 375/375 382/382 
s 8
f 383/383 382/382 375/375 
s 8
f 375/375 373/373 383/383 
s 4
f 384/384 383/383 373/373 
s 4
f 373/373 374/374 384/384 
s 8
f 379/379 384/384 374/374 
s 8
f 374/374 378/378 379/379 
o Object001
s 2
f 386/386 399/399 400/400 385/385 
s 2
f 387/387 398/398 399/399 386/386 
s 2
f 392/392 393/393 394/394 391/391 
s 2
f 388/388 389/389 396/396 397/397 
s 2
f 391/391 394/394 395/395 390/390 
s 2
f 390/390 395/395 396/396 389/389 
s 2
f 398/398 387/387 388/388 397/397 
s 0
f 401/401 402/402 386/386 385/385 
s 1
f 402/402 403/403 387/387 386/386 
s 1
f 403/403 404/404 388/388 387/387 
s 1
f 404/404 405/405 389/389 388/388 
s 1
f 405/405 406/406 390/390 389/389 
s 1
f 406/406 407/407 391/391 390/390 
s 0
f 407/407 408/408 392/392 391/391 
s 0
f 408/408 409/409 393/393 392/392 
s 0
f 409/409 410/410 394/394 393/393 
s 1
f 410/410 411/411 395/395 394/394 
s 1
f 411/411 412/412 396/396 395/395 
s 1
f 412/412 413/413 397/397 396/396 
s 1
f 413/413 414/414 398/398 397/397 
s 1
f 414/414 415/415 399/399 398/398 
s 0
f 415/415 416/416 400/400 399/399 
s 0
f 416/416 401/401 385/385 400/400 
o Cylinder018
s 1
f 444/444 445/445 446/446 
s 1
f 446/446 447/447 448/448 
s 1
f 448/448 449/449 450/450 
s 1
f 446/446 448/448 450/450 
s 1
f 450/450 451/451 452/452 
s 1
f 452/452 441/441 442/442 
s 1
f 450/450 452/452 442/442 
s 1
f 446/446 450/450 442/442 
s 1
f 444/444 446/446 442/442 
s 1
f 443/443 444/444 442/442 
s 0
f 466/466 506/506 502/502 
s 0
f 502/502 470/470 466/466 
s 0
f 472/472 509/509 506/506 
s 0
f 506/506 466/466 472/472 
s 0
f 475/475 512/512 509/1187 
s 0
f 509/1187 472/1014 475/475 
s 0
f 478/478 515/515 512/512 
s 0
f 512/512 475/475 478/478 
s 0
f 481/481 518/518 515/515 
s 0
f 515/515 478/478 481/481 
s 0
f 484/484 521/521 518/518 
s 0
f 518/518 481/481 484/484 
s 0
f 487/487 524/524 521/521 
s 0
f 521/521 484/484 487/487 
s 0
f 490/490 527/527 524/524 
s 0
f 524/524 487/487 490/490 
s 0
f 493/493 530/530 527/527 
s 0
f 527/527 490/490 493/493 
s 0
f 496/496 533/533 530/530 
s 0
f 530/530 493/493 496/496 
s 0
f 499/499 536/536 533/533 
s 0
f 533/533 496/496 499/499 
s 0
f 470/470 502/502 536/536 
s 0
f 536/536 499/499 470/470 
s 1
f 453/453 454/454 455/455 
s 1
f 455/455 456/456 457/457 
s 1
f 457/457 458/458 459/459 
s 1
f 455/455 457/457 459/459 
s 1
f 459/459 460/460 461/461 
s 1
f 461/461 462/462 463/463 
s 1
f 459/459 461/461 463/463 
s 1
f 455/455 459/459 463/463 
s 1
f 453/453 455/455 463/463 
s 1
f 464/464 453/453 463/463 
s 0
f 505/505 418/418 417/417 
s 0
f 417/417 503/503 505/505 
s 0
f 508/508 419/419 418/418 
s 0
f 418/418 505/505 508/508 
s 0
f 511/511 420/420 419/419 
s 0
f 419/419 508/508 511/511 
s 0
f 514/514 421/421 420/420 
s 0
f 420/420 511/511 514/514 
s 0
f 517/517 422/422 421/421 
s 0
f 421/421 514/514 517/517 
s 0
f 520/520 423/423 422/422 
s 0
f 422/422 517/517 520/520 
s 0
f 523/523 424/424 423/423 
s 0
f 423/423 520/520 523/523 
s 0
f 526/526 425/425 424/424 
s 0
f 424/424 523/523 526/526 
s 0
f 529/529 426/426 425/425 
s 0
f 425/425 526/526 529/529 
s 0
f 532/532 427/427 426/426 
s 0
f 426/426 529/529 532/532 
s 0
f 535/535 428/428 427/427 
s 0
f 427/427 532/532 535/535 
s 0
f 503/503 417/417 428/428 
s 0
f 428/428 535/535 503/503 
s 0
f 469/469 430/430 429/429 
s 0
f 429/429 467/467 469/469 
s 0
f 500/500 431/431 430/430 
s 0
f 430/430 469/469 500/500 
s 0
f 497/497 432/432 431/431 
s 0
f 431/431 500/500 497/497 
s 0
f 494/494 433/433 432/432 
s 0
f 432/432 497/497 494/494 
s 0
f 491/491 434/434 433/433 
s 0
f 433/433 494/494 491/491 
s 0
f 488/488 435/435 434/434 
s 0
f 434/434 491/491 488/488 
s 0
f 485/485 436/436 435/435 
s 0
f 435/435 488/488 485/485 
s 0
f 482/482 437/437 436/436 
s 0
f 436/436 485/485 482/482 
s 0
f 479/479 438/438 437/437 
s 0
f 437/437 482/482 479/479 
s 0
f 476/476 439/439 438/438 
s 0
f 438/438 479/479 476/476 
s 0
f 473/473 440/440 439/439 
s 0
f 439/439 476/476 473/473 
s 0
f 467/467 429/429 440/440 
s 0
f 440/440 473/473 467/467 
s 0
f 429/429 430/430 442/442 
s 0
f 442/442 441/441 429/429 
s 0
f 430/430 431/431 443/443 
s 0
f 443/443 442/442 430/430 
s 0
f 431/431 432/432 444/444 
s 0
f 444/444 443/443 431/431 
s 0
f 432/432 433/433 445/445 
s 0
f 445/445 444/444 432/432 
s 0
f 433/433 434/434 446/446 
s 0
f 446/446 445/445 433/433 
s 0
f 434/434 435/435 447/447 
s 0
f 447/447 446/446 434/434 
s 0
f 435/435 436/436 448/448 
s 0
f 448/448 447/447 435/435 
s 0
f 436/436 437/437 449/449 
s 0
f 449/449 448/448 436/436 
s 0
f 437/437 438/438 450/450 
s 0
f 450/450 449/449 437/437 
s 0
f 438/438 439/439 451/451 
s 0
f 451/451 450/450 438/438 
s 0
f 439/439 440/440 452/452 
s 0
f 452/452 451/451 439/439 
s 0
f 440/440 429/429 441/441 
s 0
f 441/441 452/452 440/440 
s 0
f 417/417 418/418 454/454 
s 0
f 454/454 453/453 417/417 
s 0
f 418/418 419/419 455/455 
s 0
f 455/455 454/454 418/418 
s 0
f 419/419 420/420 456/456 
s 0
f 456/456 455/455 419/419 
s 0
f 420/420 421/421 457/457 
s 0
f 457/457 456/456 420/420 
s 0
f 421/421 422/422 458/458 
s 0
f 458/458 457/457 421/421 
s 0
f 422/422 423/423 459/459 
s 0
f 459/459 458/458 422/422 
s 0
f 423/423 424/424 460/460 
s 0
f 460/460 459/459 423/423 
s 0
f 424/424 425/425 461/461 
s 0
f 461/461 460/460 424/424 
s 0
f 425/425 426/426 462/462 
s 0
f 462/462 461/461 425/425 
s 0
f 426/426 427/427 463/463 
s 0
f 463/463 462/462 426/426 
s 0
f 427/427 428/428 464/464 
s 0
f 464/464 463/463 427/427 
s 0
f 428/428 417/417 453/453 
s 0
f 453/453 464/464 428/428 
s 0
f 466/466 470/470 468/468 
s 0
f 468/468 465/465 466/466 
s 0
f 502/502 506/506 504/504 
s 0
f 504/504 501/501 502/502 
s 0
f 472/472 466/466 465/465 
s 0
f 465/465 471/471 472/472 
s 0
f 506/506 509/509 507/507 
s 0
f 507/507 504/504 506/506 
s 0
f 475/475 472/1014 471/1193 
s 0
f 471/1193 474/474 475/475 
s 0
f 509/1187 512/512 510/510 
s 0
f 510/510 507/1195 509/1187 
s 0
f 478/478 475/475 474/474 
s 0
f 474/474 477/477 478/478 
s 0
f 512/512 515/515 513/513 
s 0
f 513/513 510/510 512/512 
s 0
f 481/481 478/478 477/477 
s 0
f 477/477 480/480 481/481 
s 0
f 515/515 518/518 516/516 
s 0
f 516/516 513/513 515/515 
s 0
f 484/484 481/481 480/480 
s 0
f 480/480 483/483 484/484 
s 0
f 518/518 521/521 519/519 
s 0
f 519/519 516/516 518/518 
s 0
f 487/487 484/484 483/483 
s 0
f 483/483 486/486 487/487 
s 0
f 521/521 524/524 522/522 
s 0
f 522/522 519/519 521/521 
s 0
f 490/490 487/487 486/486 
s 0
f 486/486 489/489 490/490 
s 0
f 524/524 527/527 525/525 
s 0
f 525/525 522/522 524/524 
s 0
f 493/493 490/490 489/489 
s 0
f 489/489 492/492 493/493 
s 0
f 527/527 530/530 528/528 
s 0
f 528/528 525/525 527/527 
s 0
f 496/496 493/493 492/492 
s 0
f 492/492 495/495 496/496 
s 0
f 530/530 533/533 531/531 
s 0
f 531/531 528/528 530/530 
s 0
f 499/499 496/496 495/495 
s 0
f 495/495 498/498 499/499 
s 0
f 533/533 536/536 534/534 
s 0
f 534/534 531/531 533/533 
s 0
f 470/470 499/499 498/498 
s 0
f 498/498 468/468 470/470 
s 0
f 536/536 502/502 501/501 
s 0
f 501/501 534/534 536/536 
s 0
f 505/505 503/503 501/1191 
s 0
f 501/1191 504/1083 505/505 
s 0
f 508/508 505/505 504/1083 
s 0
f 504/1083 507/1196 508/508 
s 0
f 511/511 508/508 507/1196 
s 0
f 507/1196 510/1078 511/511 
s 0
f 514/514 511/511 510/1078 
s 0
f 510/1078 513/1199 514/514 
s 0
f 517/517 514/514 513/1199 
s 0
f 513/1199 516/1202 517/517 
s 0
f 520/520 517/517 516/1202 
s 0
f 516/1202 519/1205 520/520 
s 0
f 523/523 520/520 519/1205 
s 0
f 519/1205 522/1206 523/523 
s 0
f 526/526 523/523 522/1206 
s 0
f 522/1206 525/1208 526/526 
s 0
f 529/529 526/526 525/1208 
s 0
f 525/1208 528/1209 529/529 
s 0
f 532/532 529/529 528/1209 
s 0
f 528/1209 531/1212 532/532 
s 0
f 535/535 532/532 531/1212 
s 0
f 531/1212 534/1213 535/535 
s 0
f 503/503 535/535 534/1213 
s 0
f 534/1213 501/1191 503/503 
s 0
f 469/469 467/467 465/1190 
s 0
f 465/1190 468/1189 469/469 
s 0
f 500/500 469/469 468/1189 
s 0
f 468/1189 498/1062 500/500 
s 0
f 497/497 500/500 498/1062 
s 0
f 498/1062 495/1211 497/497 
s 0
f 494/494 497/497 495/1211 
s 0
f 495/1211 492/1085 494/494 
s 0
f 491/491 494/494 492/1085 
s 0
f 492/1085 489/1207 491/491 
s 0
f 488/488 491/491 489/1207 
s 0
f 489/1207 486/1026 488/488 
s 0
f 485/485 488/488 486/1026 
s 0
f 486/1026 483/1204 485/485 
s 0
f 482/482 485/485 483/1204 
s 0
f 483/1204 480/1201 482/482 
s 0
f 479/479 482/482 480/1201 
s 0
f 480/1201 477/1198 479/479 
s 0
f 476/476 479/479 477/1198 
s 0
f 477/1198 474/1197 476/476 
s 0
f 473/473 476/476 474/1197 
s 0
f 474/1197 471/1192 473/473 
s 0
f 467/467 473/473 471/1192 
s 0
f 471/1192 465/1190 467/467 
o Box006
s 2
f 537/537 539/539 557/557 558/558 
s 4
f 541/541 553/553 554/554 543/543 
s 8
f 546/546 568/568 567/567 545/545 
s 16
f 549/549 550/550 546/1223 545/1222 
s 32
f 552/552 555/555 556/556 551/551 
s 64
f 548/548 547/547 552/1228 551/1227 
s 8
f 542/542 561/561 568/568 546/546 
s 8
f 537/1214 558/1175 559/559 548/1229 
s 16
f 544/544 542/1231 546/1223 550/550 
s 16
f 538/538 540/540 549/549 545/1222 
s 32
f 543/1221 554/1220 555/555 552/552 
s 32
f 540/1238 565/565 564/564 549/1224 
s 64
f 541/541 543/543 552/1228 547/547 
s 64
f 539/539 537/537 548/548 551/1227 
s 2
f 577/577 576/576 558/558 557/557 
s 4
f 553/553 581/581 580/580 554/554 
s 8
f 547/1230 548/1229 559/559 560/560 
s 32
f 579/579 578/578 556/556 555/555 
s 8
f 541/1218 547/1230 560/560 553/1219 
s 8
f 576/1242 575/575 559/559 558/1175 
s 32
f 580/1244 579/579 555/555 554/1220 
s 32
f 539/1215 551/551 556/556 557/1216 
s 8
f 583/583 584/584 570/570 571/571 
s 8
f 591/591 592/592 568/568 561/561 
s 32
f 587/587 588/588 564/564 565/565 
s 2
f 565/1240 540/540 538/538 566/566 
s 4
f 542/1232 544/1235 562/562 561/1234 
s 32
f 550/1225 549/1224 564/564 563/563 
s 8
f 538/1237 545/545 567/567 566/1248 
s 32
f 544/1236 550/1225 563/563 562/1249 
s 0
f 575/575 574/574 569/569 559/559 
s 0
f 567/567 568/568 571/571 570/570 
s 0
f 592/592 583/583 571/571 568/568 
s 0
f 560/560 559/559 569/569 572/572 
s 2
f 587/1247 586/586 576/576 577/577 
s 4
f 581/581 591/1245 590/590 580/580 
s 32
f 589/589 588/588 578/578 579/579 
s 8
f 586/1250 585/585 575/575 576/1242 
s 32
f 590/1186 589/589 579/579 580/1244 
s 8
f 572/572 569/569 574/574 573/573 
s 8
f 553/1219 560/560 582/582 581/1243 
s 32
f 557/1216 556/556 578/578 577/1241 
s 0
f 585/585 584/584 574/574 575/575 
s 0
f 582/582 560/560 572/572 573/573 
s 8
f 573/573 574/574 584/584 583/583 
s 8
f 581/1243 582/582 592/592 591/591 
s 32
f 577/1241 578/578 588/588 587/587 
s 0
f 592/592 582/582 573/573 583/583 
s 2
f 587/1247 565/1240 566/566 586/586 
s 4
f 561/1234 562/562 590/590 591/1245 
s 32
f 563/563 564/564 588/588 589/589 
s 8
f 566/1248 567/567 585/585 586/1250 
s 32
f 562/1249 563/563 589/589 590/1186 
s 0
f 567/567 570/570 584/584 585/585 
o Box007
s 2
f 595/595 611/611 612/612 593/593 
s 4
f 609/609 610/610 599/599 597/597 
s 8
f 616/616 613/613 614/614 615/615 
s 16
f 594/594 596/596 600/600 598/598 
s 32
f 603/603 602/602 600/600 596/596 
s 64
f 605/605 606/606 607/607 608/608 
s 2
f 603/1258 596/596 594/594 604/604 
s 4
f 598/598 600/600 602/1259 601/601 
s 8
f 594/594 598/598 601/1152 604/1266 
s 32
f 611/1252 610/1253 602/602 603/603 
s 2
f 595/595 593/593 606/1264 605/1262 
s 0
f 593/1267 597/1268 607/607 606/606 
s 4
f 597/597 599/599 608/1260 607/1265 
s 0
f 599/1254 595/1251 605/1263 608/1261 
s 2
f 611/611 603/1258 604/604 612/612 
s 4
f 601/601 602/1259 610/610 609/609 
s 8
f 604/1266 601/1152 609/1269 612/1210 
s 32
f 595/1251 599/1254 610/1253 611/1252 
s 4
f 609/609 597/597 614/1257 613/1256 
s 0
f 597/1268 593/1267 615/615 614/614 
s 2
f 593/593 612/612 616/1203 615/1255 
s 0
f 612/1210 609/1269 613/613 616/616 
o Cylinder019
s 1
f 625/625 624/624 623/623 
s 1
f 623/623 622/622 621/621 
s 1
f 625/625 623/623 621/621 
s 1
f 626/626 625/625 621/621 
s 8
f 621/1274 622/1273 628/628 
s 8
f 628/628 627/627 621/1274 
s 8
f 622/1273 623/1272 629/629 
s 8
f 629/629 628/628 622/1273 
s 8
f 623/1272 624/1271 630/630 
s 8
f 630/630 629/629 623/1272 
s 8
f 624/1271 625/1270 631/631 
s 8
f 631/631 630/630 624/1271 
s 8
f 625/1270 626/1276 632/632 
s 8
f 632/632 631/631 625/1270 
s 8
f 626/1275 621/1274 627/627 
s 8
f 627/627 632/1282 626/1275 
s 1
f 627/1278 628/1277 629/1279 
s 1
f 629/1279 630/1280 631/1281 
s 1
f 627/1278 629/1279 631/1281 
s 1
f 632/1283 627/1278 631/1281 
o Cylinder020
s 1
f 660/660 661/661 662/662 
s 1
f 662/662 663/663 664/664 
s 1
f 664/664 665/665 666/666 
s 1
f 662/662 664/664 666/666 
s 1
f 666/666 667/667 668/668 
s 1
f 668/668 657/657 658/658 
s 1
f 666/666 668/668 658/658 
s 1
f 662/662 666/666 658/658 
s 1
f 660/660 662/662 658/658 
s 1
f 659/659 660/660 658/658 
s 8
f 633/633 634/634 646/646 
s 8
f 646/646 645/645 633/633 
s 8
f 634/634 635/635 647/647 
s 8
f 647/647 646/646 634/634 
s 8
f 635/1284 636/636 648/648 
s 8
f 648/648 647/1163 635/1284 
s 8
f 636/636 637/637 649/649 
s 8
f 649/649 648/648 636/636 
s 8
f 637/637 638/638 650/650 
s 8
f 650/650 649/649 637/637 
s 8
f 638/638 639/639 651/651 
s 8
f 651/651 650/650 638/638 
s 8
f 639/639 640/640 652/652 
s 8
f 652/652 651/651 639/639 
s 8
f 640/640 641/641 653/653 
s 8
f 653/653 652/652 640/640 
s 8
f 641/641 642/642 654/654 
s 8
f 654/654 653/653 641/641 
s 8
f 642/642 643/643 655/655 
s 8
f 655/655 654/654 642/642 
s 8
f 643/643 644/644 656/656 
s 8
f 656/656 655/655 643/643 
s 8
f 644/644 633/633 645/645 
s 8
f 645/645 656/656 644/644 
s 1
f 669/669 670/670 671/671 
s 1
f 671/671 672/672 673/673 
s 1
f 673/673 674/674 675/675 
s 1
f 671/671 673/673 675/675 
s 1
f 675/675 676/676 677/677 
s 1
f 677/677 678/678 679/679 
s 1
f 675/675 677/677 679/679 
s 1
f 671/671 675/675 679/679 
s 1
f 669/669 671/671 679/679 
s 1
f 680/680 669/669 679/679 
s 2
f 634/634 633/633 658/658 
s 2
f 658/658 657/657 634/634 
s 2
f 633/633 644/1302 659/659 
s 2
f 659/659 658/658 633/633 
s 2
f 644/1302 643/1299 660/660 
s 2
f 660/660 659/659 644/1302 
s 2
f 643/1299 642/1297 661/661 
s 2
f 661/661 660/660 643/1299 
s 2
f 642/1297 641/1158 662/662 
s 2
f 662/662 661/661 642/1297 
s 2
f 641/1158 640/1194 663/663 
s 2
f 663/663 662/662 641/1158 
s 2
f 640/1194 639/1294 664/664 
s 2
f 664/664 663/663 640/1194 
s 2
f 639/1294 638/1289 665/665 
s 2
f 665/665 664/664 639/1294 
s 2
f 638/1289 637/1287 666/666 
s 2
f 666/666 665/665 638/1289 
s 2
f 637/1287 636/1285 667/667 
s 2
f 667/667 666/666 637/1287 
s 2
f 636/1285 635/635 668/668 
s 2
f 668/668 667/667 636/1285 
s 2
f 635/635 634/634 657/657 
s 2
f 657/657 668/668 635/635 
s 0
f 645/645 646/646 670/670 
s 0
f 670/670 669/669 645/645 
s 0
f 646/646 647/647 671/671 
s 0
f 671/671 670/670 646/646 
s 0
f 647/647 648/1286 672/672 
s 0
f 672/672 671/671 647/647 
s 0
f 648/1286 649/1288 673/673 
s 0
f 673/673 672/672 648/1286 
s 0
f 649/1288 650/1292 674/674 
s 0
f 674/674 673/673 649/1288 
s 0
f 650/1292 651/1295 675/675 
s 0
f 675/675 674/674 650/1292 
s 0
f 651/1295 652/1296 676/676 
s 0
f 676/676 675/675 651/1295 
s 0
f 652/1296 653/1143 677/677 
s 0
f 677/677 676/676 652/1296 
s 0
f 653/1143 654/1298 678/678 
s 0
f 678/678 677/677 653/1143 
s 0
f 654/1298 655/1300 679/679 
s 0
f 679/679 678/678 654/1298 
s 0
f 655/1300 656/656 680/680 
s 0
f 680/680 679/679 655/1300 
s 0
f 656/656 645/645 669/669 
s 0
f 669/669 680/680 656/656 
o Cylinder021
s 1
f 708/708 709/709 710/710 
s 1
f 710/710 711/711 712/712 
s 1
f 712/712 713/713 714/714 
s 1
f 710/710 712/712 714/714 
s 1
f 714/714 715/715 716/716 
s 1
f 716/716 705/705 706/706 
s 1
f 714/714 716/716 706/706 
s 1
f 710/710 714/714 706/706 
s 1
f 708/708 710/710 706/706 
s 1
f 707/707 708/708 706/706 
s 0
f 730/730 770/770 766/766 
s 0
f 766/766 734/734 730/730 
s 0
f 736/736 773/773 770/770 
s 0
f 770/770 730/730 736/736 
s 0
f 739/739 776/776 773/1301 
s 0
f 773/1301 736/1303 739/739 
s 0
f 742/742 779/779 776/776 
s 0
f 776/776 739/739 742/742 
s 0
f 745/745 782/782 779/779 
s 0
f 779/779 742/742 745/745 
s 0
f 748/748 785/785 782/782 
s 0
f 782/782 745/745 748/748 
s 0
f 751/751 788/788 785/785 
s 0
f 785/785 748/748 751/751 
s 0
f 754/754 791/791 788/788 
s 0
f 788/788 751/751 754/754 
s 0
f 757/757 794/794 791/791 
s 0
f 791/791 754/754 757/757 
s 0
f 760/760 797/797 794/794 
s 0
f 794/794 757/757 760/760 
s 0
f 763/763 800/800 797/797 
s 0
f 797/797 760/760 763/763 
s 0
f 734/734 766/766 800/800 
s 0
f 800/800 763/763 734/734 
s 1
f 717/717 718/718 719/719 
s 1
f 719/719 720/720 721/721 
s 1
f 721/721 722/722 723/723 
s 1
f 719/719 721/721 723/723 
s 1
f 723/723 724/724 725/725 
s 1
f 725/725 726/726 727/727 
s 1
f 723/723 725/725 727/727 
s 1
f 719/719 723/723 727/727 
s 1
f 717/717 719/719 727/727 
s 1
f 728/728 717/717 727/727 
s 0
f 769/769 682/682 681/681 
s 0
f 681/681 767/767 769/769 
s 0
f 772/772 683/683 682/682 
s 0
f 682/682 769/769 772/772 
s 0
f 775/775 684/684 683/683 
s 0
f 683/683 772/772 775/775 
s 0
f 778/778 685/685 684/684 
s 0
f 684/684 775/775 778/778 
s 0
f 781/781 686/686 685/685 
s 0
f 685/685 778/778 781/781 
s 0
f 784/784 687/687 686/686 
s 0
f 686/686 781/781 784/784 
s 0
f 787/787 688/688 687/687 
s 0
f 687/687 784/784 787/787 
s 0
f 790/790 689/689 688/688 
s 0
f 688/688 787/787 790/790 
s 0
f 793/793 690/690 689/689 
s 0
f 689/689 790/790 793/793 
s 0
f 796/796 691/691 690/690 
s 0
f 690/690 793/793 796/796 
s 0
f 799/799 692/692 691/691 
s 0
f 691/691 796/796 799/799 
s 0
f 767/767 681/681 692/692 
s 0
f 692/692 799/799 767/767 
s 0
f 733/733 694/694 693/693 
s 0
f 693/693 731/731 733/733 
s 0
f 764/764 695/695 694/694 
s 0
f 694/694 733/733 764/764 
s 0
f 761/761 696/696 695/695 
s 0
f 695/695 764/764 761/761 
s 0
f 758/758 697/697 696/696 
s 0
f 696/696 761/761 758/758 
s 0
f 755/755 698/698 697/697 
s 0
f 697/697 758/758 755/755 
s 0
f 752/752 699/699 698/698 
s 0
f 698/698 755/755 752/752 
s 0
f 749/749 700/700 699/699 
s 0
f 699/699 752/752 749/749 
s 0
f 746/746 701/701 700/700 
s 0
f 700/700 749/749 746/746 
s 0
f 743/743 702/702 701/701 
s 0
f 701/701 746/746 743/743 
s 0
f 740/740 703/703 702/702 
s 0
f 702/702 743/743 740/740 
s 0
f 737/737 704/704 703/703 
s 0
f 703/703 740/740 737/737 
s 0
f 731/731 693/693 704/704 
s 0
f 704/704 737/737 731/731 
s 0
f 693/693 694/694 706/706 
s 0
f 706/706 705/705 693/693 
s 0
f 694/694 695/695 707/707 
s 0
f 707/707 706/706 694/694 
s 0
f 695/695 696/696 708/708 
s 0
f 708/708 707/707 695/695 
s 0
f 696/696 697/697 709/709 
s 0
f 709/709 708/708 696/696 
s 0
f 697/697 698/698 710/710 
s 0
f 710/710 709/709 697/697 
s 0
f 698/698 699/699 711/711 
s 0
f 711/711 710/710 698/698 
s 0
f 699/699 700/700 712/712 
s 0
f 712/712 711/711 699/699 
s 0
f 700/700 701/701 713/713 
s 0
f 713/713 712/712 700/700 
s 0
f 701/701 702/702 714/714 
s 0
f 714/714 713/713 701/701 
s 0
f 702/702 703/703 715/715 
s 0
f 715/715 714/714 702/702 
s 0
f 703/703 704/704 716/716 
s 0
f 716/716 715/715 703/703 
s 0
f 704/704 693/693 705/705 
s 0
f 705/705 716/716 704/704 
s 0
f 681/681 682/682 718/718 
s 0
f 718/718 717/717 681/681 
s 0
f 682/682 683/683 719/719 
s 0
f 719/719 718/718 682/682 
s 0
f 683/683 684/684 720/720 
s 0
f 720/720 719/719 683/683 
s 0
f 684/684 685/685 721/721 
s 0
f 721/721 720/720 684/684 
s 0
f 685/685 686/686 722/722 
s 0
f 722/722 721/721 685/685 
s 0
f 686/686 687/687 723/723 
s 0
f 723/723 722/722 686/686 
s 0
f 687/687 688/688 724/724 
s 0
f 724/724 723/723 687/687 
s 0
f 688/688 689/689 725/725 
s 0
f 725/725 724/724 688/688 
s 0
f 689/689 690/690 726/726 
s 0
f 726/726 725/725 689/689 
s 0
f 690/690 691/691 727/727 
s 0
f 727/727 726/726 690/690 
s 0
f 691/691 692/692 728/728 
s 0
f 728/728 727/727 691/691 
s 0
f 692/692 681/681 717/717 
s 0
f 717/717 728/728 692/692 
s 0
f 730/730 734/734 732/732 
s 0
f 732/732 729/729 730/730 
s 0
f 766/766 770/770 768/768 
s 0
f 768/768 765/765 766/766 
s 0
f 736/736 730/730 729/729 
s 0
f 729/729 735/735 736/736 
s 0
f 770/770 773/773 771/771 
s 0
f 771/771 768/768 770/770 
s 0
f 739/739 736/1303 735/1308 
s 0
f 735/1308 738/738 739/739 
s 0
f 773/1301 776/776 774/774 
s 0
f 774/774 771/1290 773/1301 
s 0
f 742/742 739/739 738/738 
s 0
f 738/738 741/741 742/742 
s 0
f 776/776 779/779 777/777 
s 0
f 777/777 774/774 776/776 
s 0
f 745/745 742/742 741/741 
s 0
f 741/741 744/744 745/745 
s 0
f 779/779 782/782 780/780 
s 0
f 780/780 777/777 779/779 
s 0
f 748/748 745/745 744/744 
s 0
f 744/744 747/747 748/748 
s 0
f 782/782 785/785 783/783 
s 0
f 783/783 780/780 782/782 
s 0
f 751/751 748/748 747/747 
s 0
f 747/747 750/750 751/751 
s 0
f 785/785 788/788 786/786 
s 0
f 786/786 783/783 785/785 
s 0
f 754/754 751/751 750/750 
s 0
f 750/750 753/753 754/754 
s 0
f 788/788 791/791 789/789 
s 0
f 789/789 786/786 788/788 
s 0
f 757/757 754/754 753/753 
s 0
f 753/753 756/756 757/757 
s 0
f 791/791 794/794 792/792 
s 0
f 792/792 789/789 791/791 
s 0
f 760/760 757/757 756/756 
s 0
f 756/756 759/759 760/760 
s 0
f 794/794 797/797 795/795 
s 0
f 795/795 792/792 794/794 
s 0
f 763/763 760/760 759/759 
s 0
f 759/759 762/762 763/763 
s 0
f 797/797 800/800 798/798 
s 0
f 798/798 795/795 797/797 
s 0
f 734/734 763/763 762/762 
s 0
f 762/762 732/732 734/734 
s 0
f 800/800 766/766 765/765 
s 0
f 765/765 798/798 800/800 
s 0
f 769/769 767/767 765/1170 
s 0
f 765/1170 768/1306 769/769 
s 0
f 772/772 769/769 768/1306 
s 0
f 768/1306 771/1291 772/772 
s 0
f 775/775 772/772 771/1291 
s 0
f 771/1291 774/1311 775/775 
s 0
f 778/778 775/775 774/1311 
s 0
f 774/1311 777/1313 778/778 
s 0
f 781/781 778/778 777/1313 
s 0
f 777/1313 780/1117 781/781 
s 0
f 784/784 781/781 780/1117 
s 0
f 780/1117 783/1315 784/784 
s 0
f 787/787 784/784 783/1315 
s 0
f 783/1315 786/1317 787/787 
s 0
f 790/790 787/787 786/1317 
s 0
f 786/1317 789/1319 790/790 
s 0
f 793/793 790/790 789/1319 
s 0
f 789/1319 792/1106 793/793 
s 0
f 796/796 793/793 792/1106 
s 0
f 792/1106 795/1309 796/796 
s 0
f 799/799 796/796 795/1309 
s 0
f 795/1309 798/1100 799/799 
s 0
f 767/767 799/799 798/1100 
s 0
f 798/1100 765/1170 767/767 
s 0
f 733/733 731/731 729/1305 
s 0
f 729/1305 732/1304 733/733 
s 0
f 764/764 733/733 732/1304 
s 0
f 732/1304 762/1322 764/764 
s 0
f 761/761 764/764 762/1322 
s 0
f 762/1322 759/1321 761/761 
s 0
f 758/758 761/761 759/1321 
s 0
f 759/1321 756/1320 758/758 
s 0
f 755/755 758/758 756/1320 
s 0
f 756/1320 753/1318 755/755 
s 0
f 752/752 755/755 753/1318 
s 0
f 753/1318 750/1316 752/752 
s 0
f 749/749 752/752 750/1316 
s 0
f 750/1316 747/1181 749/749 
s 0
f 746/746 749/749 747/1181 
s 0
f 747/1181 744/1314 746/746 
s 0
f 743/743 746/746 744/1314 
s 0
f 744/1314 741/1312 743/743 
s 0
f 740/740 743/743 741/1312 
s 0
f 741/1312 738/1310 740/740 
s 0
f 737/737 740/740 738/1310 
s 0
f 738/1310 735/1307 737/737 
s 0
f 731/731 737/737 735/1307 
s 0
f 735/1307 729/1305 731/731 
o Cylinder022
s 1
f 814/814 815/815 816/816 
s 1
f 816/816 817/817 818/818 
s 1
f 814/814 816/816 818/818 
s 1
f 813/813 814/814 818/818 
s 1
f 807/807 802/802 801/801 
s 1
f 801/801 808/808 807/807 
s 2
f 809/809 803/803 802/802 
s 2
f 802/802 807/807 809/809 
s 1
f 810/810 804/804 803/803 
s 1
f 803/803 809/809 810/810 
s 2
f 811/811 805/805 804/804 
s 2
f 804/804 810/810 811/811 
s 1
f 812/812 806/806 805/805 
s 1
f 805/805 811/811 812/812 
s 2
f 808/808 801/801 806/806 
s 2
f 806/806 812/812 808/808 
s 4
f 801/1323 802/1200 803/1324 
s 4
f 803/1324 804/1325 805/1326 
s 4
f 801/1323 803/1324 805/1326 
s 4
f 806/1188 801/1323 805/1326 
s 4
f 814/814 813/813 812/812 
s 4
f 812/812 811/811 814/814 
s 8
f 815/815 814/814 811/811 
s 8
f 811/811 810/810 815/815 
s 4
f 816/816 815/815 810/810 
s 4
f 810/810 809/809 816/816 
s 8
f 817/817 816/816 809/809 
s 8
f 809/809 807/807 817/817 
s 4
f 818/818 817/817 807/807 
s 4
f 807/807 808/808 818/818 
s 8
f 813/813 818/818 808/808 
s 8
f 808/808 812/812 813/813 
o Cylinder023
s 1
f 832/832 833/833 834/834 
s 1
f 834/834 835/835 836/836 
s 1
f 832/832 834/834 836/836 
s 1
f 831/831 832/832 836/836 
s 1
f 825/825 820/820 819/819 
s 1
f 819/819 826/826 825/825 
s 2
f 827/827 821/821 820/820 
s 2
f 820/820 825/825 827/827 
s 1
f 828/828 822/822 821/821 
s 1
f 821/821 827/827 828/828 
s 2
f 829/829 823/823 822/822 
s 2
f 822/822 828/828 829/829 
s 1
f 830/830 824/824 823/823 
s 1
f 823/823 829/829 830/830 
s 2
f 826/826 819/819 824/824 
s 2
f 824/824 830/830 826/826 
s 4
f 819/1328 820/1327 821/1329 
s 4
f 821/1329 822/1124 823/1330 
s 4
f 819/1328 821/1329 823/1330 
s 4
f 824/1331 819/1328 823/1330 
s 4
f 832/832 831/831 830/830 
s 4
f 830/830 829/829 832/832 
s 8
f 833/833 832/832 829/829 
s 8
f 829/829 828/828 833/833 
s 4
f 834/834 833/833 828/828 
s 4
f 828/828 827/827 834/834 
s 8
f 835/835 834/834 827/827 
s 8
f 827/827 825/825 835/835 
s 4
f 836/836 835/835 825/825 
s 4
f 825/825 826/826 836/836 
s 8
f 831/831 836/836 826/826 
s 8
f 826/826 830/830 831/831 
o Cylinder024
s 1
f 850/850 851/851 852/852 
s 1
f 852/852 853/853 854/854 
s 1
f 850/850 852/852 854/854 
s 1
f 849/849 850/850 854/854 
s 1
f 843/843 838/838 837/837 
s 1
f 837/837 844/844 843/843 
s 2
f 845/845 839/839 838/838 
s 2
f 838/838 843/843 845/845 
s 1
f 846/846 840/840 839/839 
s 1
f 839/839 845/845 846/846 
s 2
f 847/847 841/841 840/840 
s 2
f 840/840 846/846 847/847 
s 1
f 848/848 842/842 841/841 
s 1
f 841/841 847/847 848/848 
s 2
f 844/844 837/837 842/842 
s 2
f 842/842 848/848 844/844 
s 4
f 837/1333 838/1332 839/1334 
s 4
f 839/1334 840/1335 841/1336 
s 4
f 837/1333 839/1334 841/1336 
s 4
f 842/1337 837/1333 841/1336 
s 4
f 850/850 849/849 848/848 
s 4
f 848/848 847/847 850/850 
s 8
f 851/851 850/850 847/847 
s 8
f 847/847 846/846 851/851 
s 4
f 852/852 851/851 846/846 
s 4
f 846/846 845/845 852/852 
s 8
f 853/853 852/852 845/845 
s 8
f 845/845 843/843 853/853 
s 4
f 854/854 853/853 843/843 
s 4
f 843/843 844/844 854/854 
s 8
f 849/849 854/854 844/844 
s 8
f 844/844 848/848 849/849 
o Cylinder025
s 1
f 868/868 869/869 870/870 
s 1
f 870/870 871/871 872/872 
s 1
f 868/868 870/870 872/872 
s 1
f 867/867 868/868 872/872 
s 1
f 861/861 856/856 855/855 
s 1
f 855/855 862/862 861/861 
s 2
f 863/863 857/857 856/856 
s 2
f 856/856 861/861 863/863 
s 1
f 864/864 858/858 857/857 
s 1
f 857/857 863/863 864/864 
s 2
f 865/865 859/859 858/858 
s 2
f 858/858 864/864 865/865 
s 1
f 866/866 860/860 859/859 
s 1
f 859/859 865/865 866/866 
s 2
f 862/862 855/855 860/860 
s 2
f 860/860 866/866 862/862 
s 4
f 855/1339 856/1338 857/1340 
s 4
f 857/1340 858/1341 859/1342 
s 4
f 855/1339 857/1340 859/1342 
s 4
f 860/1343 855/1339 859/1342 
s 4
f 868/868 867/867 866/866 
s 4
f 866/866 865/865 868/868 
s 8
f 869/869 868/868 865/865 
s 8
f 865/865 864/864 869/869 
s 4
f 870/870 869/869 864/864 
s 4
f 864/864 863/863 870/870 
s 8
f 871/871 870/870 863/863 
s 8
f 863/863 861/861 871/871 
s 4
f 872/872 871/871 861/861 
s 4
f 861/861 862/862 872/872 
s 8
f 867/867 872/872 862/862 
s 8
f 862/862 866/866 867/867 
o Cylinder026
s 1
f 900/900 901/901 902/902 
s 1
f 902/902 903/903 904/904 
s 1
f 904/904 905/905 906/906 
s 1
f 902/902 904/904 906/906 
s 1
f 906/906 907/907 908/908 
s 1
f 908/908 897/897 898/898 
s 1
f 906/906 908/908 898/898 
s 1
f 902/902 906/906 898/898 
s 1
f 900/900 902/902 898/898 
s 1
f 899/899 900/900 898/898 
s 0
f 922/922 962/962 958/958 
s 0
f 958/958 926/926 922/922 
s 0
f 928/928 965/965 962/962 
s 0
f 962/962 922/922 928/928 
s 0
f 931/931 968/968 965/1345 
s 0
f 965/1345 928/1344 931/931 
s 0
f 934/934 971/971 968/968 
s 0
f 968/968 931/931 934/934 
s 0
f 937/937 974/974 971/971 
s 0
f 971/971 934/934 937/937 
s 0
f 940/940 977/977 974/974 
s 0
f 974/974 937/937 940/940 
s 0
f 943/943 980/980 977/977 
s 0
f 977/977 940/940 943/943 
s 0
f 946/946 983/983 980/980 
s 0
f 980/980 943/943 946/946 
s 0
f 949/949 986/619 983/983 
s 0
f 983/983 946/946 949/949 
s 0
f 952/952 989/132 986/619 
s 0
f 986/619 949/949 952/952 
s 0
f 955/955 992/129 989/132 
s 0
f 989/132 952/952 955/955 
s 0
f 926/926 958/958 992/129 
s 0
f 992/129 955/955 926/926 
s 1
f 909/909 910/910 911/911 
s 1
f 911/911 912/912 913/913 
s 1
f 913/913 914/914 915/915 
s 1
f 911/911 913/913 915/915 
s 1
f 915/915 916/916 917/917 
s 1
f 917/917 918/918 919/919 
s 1
f 915/915 917/917 919/919 
s 1
f 911/911 915/915 919/919 
s 1
f 909/909 911/911 919/919 
s 1
f 920/920 909/909 919/919 
s 0
f 961/961 874/874 873/873 
s 0
f 873/873 959/959 961/961 
s 0
f 964/964 875/875 874/874 
s 0
f 874/874 961/961 964/964 
s 0
f 967/967 876/876 875/875 
s 0
f 875/875 964/964 967/967 
s 0
f 970/970 877/877 876/876 
s 0
f 876/876 967/967 970/970 
s 0
f 973/973 878/878 877/877 
s 0
f 877/877 970/970 973/973 
s 0
f 976/976 879/879 878/878 
s 0
f 878/878 973/973 976/976 
s 0
f 979/979 880/880 879/879 
s 0
f 879/879 976/976 979/979 
s 0
f 982/982 881/881 880/880 
s 0
f 880/880 979/979 982/982 
s 0
f 985/620 882/882 881/881 
s 0
f 881/881 982/982 985/620 
s 0
f 988/617 883/883 882/882 
s 0
f 882/882 985/620 988/617 
s 0
f 991/130 884/884 883/883 
s 0
f 883/883 988/617 991/130 
s 0
f 959/959 873/873 884/884 
s 0
f 884/884 991/130 959/959 
s 0
f 925/925 886/886 885/885 
s 0
f 885/885 923/923 925/925 
s 0
f 956/956 887/887 886/886 
s 0
f 886/886 925/925 956/956 
s 0
f 953/953 888/888 887/887 
s 0
f 887/887 956/956 953/953 
s 0
f 950/950 889/889 888/888 
s 0
f 888/888 953/953 950/950 
s 0
f 947/947 890/890 889/889 
s 0
f 889/889 950/950 947/947 
s 0
f 944/944 891/891 890/890 
s 0
f 890/890 947/947 944/944 
s 0
f 941/941 892/892 891/891 
s 0
f 891/891 944/944 941/941 
s 0
f 938/938 893/893 892/892 
s 0
f 892/892 941/941 938/938 
s 0
f 935/935 894/894 893/893 
s 0
f 893/893 938/938 935/935 
s 0
f 932/932 895/895 894/894 
s 0
f 894/894 935/935 932/932 
s 0
f 929/929 896/896 895/895 
s 0
f 895/895 932/932 929/929 
s 0
f 923/923 885/885 896/896 
s 0
f 896/896 929/929 923/923 
s 0
f 885/885 886/886 898/898 
s 0
f 898/898 897/897 885/885 
s 0
f 886/886 887/887 899/899 
s 0
f 899/899 898/898 886/886 
s 0
f 887/887 888/888 900/900 
s 0
f 900/900 899/899 887/887 
s 0
f 888/888 889/889 901/901 
s 0
f 901/901 900/900 888/888 
s 0
f 889/889 890/890 902/902 
s 0
f 902/902 901/901 889/889 
s 0
f 890/890 891/891 903/903 
s 0
f 903/903 902/902 890/890 
s 0
f 891/891 892/892 904/904 
s 0
f 904/904 903/903 891/891 
s 0
f 892/892 893/893 905/905 
s 0
f 905/905 904/904 892/892 
s 0
f 893/893 894/894 906/906 
s 0
f 906/906 905/905 893/893 
s 0
f 894/894 895/895 907/907 
s 0
f 907/907 906/906 894/894 
s 0
f 895/895 896/896 908/908 
s 0
f 908/908 907/907 895/895 
s 0
f 896/896 885/885 897/897 
s 0
f 897/897 908/908 896/896 
s 0
f 873/873 874/874 910/910 
s 0
f 910/910 909/909 873/873 
s 0
f 874/874 875/875 911/911 
s 0
f 911/911 910/910 874/874 
s 0
f 875/875 876/876 912/912 
s 0
f 912/912 911/911 875/875 
s 0
f 876/876 877/877 913/913 
s 0
f 913/913 912/912 876/876 
s 0
f 877/877 878/878 914/914 
s 0
f 914/914 913/913 877/877 
s 0
f 878/878 879/879 915/915 
s 0
f 915/915 914/914 878/878 
s 0
f 879/879 880/880 916/916 
s 0
f 916/916 915/915 879/879 
s 0
f 880/880 881/881 917/917 
s 0
f 917/917 916/916 880/880 
s 0
f 881/881 882/882 918/918 
s 0
f 918/918 917/917 881/881 
s 0
f 882/882 883/883 919/919 
s 0
f 919/919 918/918 882/882 
s 0
f 883/883 884/884 920/920 
s 0
f 920/920 919/919 883/883 
s 0
f 884/884 873/873 909/909 
s 0
f 909/909 920/920 884/884 
s 0
f 922/922 926/926 924/924 
s 0
f 924/924 921/921 922/922 
s 0
f 958/958 962/962 960/960 
s 0
f 960/960 957/957 958/958 
s 0
f 928/928 922/922 921/921 
s 0
f 921/921 927/927 928/928 
s 0
f 962/962 965/965 963/963 
s 0
f 963/963 960/960 962/962 
s 0
f 931/931 928/1344 927/1010 
s 0
f 927/1010 930/930 931/931 
s 0
f 965/1345 968/968 966/966 
s 0
f 966/966 963/1346 965/1345 
s 0
f 934/934 931/931 930/930 
s 0
f 930/930 933/933 934/934 
s 0
f 968/968 971/971 969/969 
s 0
f 969/969 966/966 968/968 
s 0
f 937/937 934/934 933/933 
s 0
f 933/933 936/936 937/937 
s 0
f 971/971 974/974 972/972 
s 0
f 972/972 969/969 971/971 
s 0
f 940/940 937/937 936/936 
s 0
f 936/936 939/939 940/940 
s 0
f 974/974 977/977 975/975 
s 0
f 975/975 972/972 974/974 
s 0
f 943/943 940/940 939/939 
s 0
f 939/939 942/942 943/943 
s 0
f 977/977 980/980 978/978 
s 0
f 978/978 975/975 977/977 
s 0
f 946/946 943/943 942/942 
s 0
f 942/942 945/945 946/946 
s 0
f 980/980 983/983 981/981 
s 0
f 981/981 978/978 980/980 
s 0
f 949/949 946/946 945/945 
s 0
f 945/945 948/948 949/949 
s 0
f 983/983 986/619 984/984 
s 0
f 984/984 981/981 983/983 
s 0
f 952/952 949/949 948/948 
s 0
f 948/948 951/951 952/952 
s 0
f 986/619 989/132 987/618 
s 0
f 987/618 984/984 986/619 
s 0
f 955/955 952/952 951/951 
s 0
f 951/951 954/954 955/955 
s 0
f 989/132 992/129 990/131 
s 0
f 990/131 987/618 989/132 
s 0
f 926/926 955/955 954/954 
s 0
f 954/954 924/924 926/926 
s 0
f 992/129 958/958 957/957 
s 0
f 957/957 990/131 992/129 
s 0
f 961/961 959/959 957/1021 
s 0
f 957/1021 960/1233 961/961 
s 0
f 964/964 961/961 960/1233 
s 0
f 960/1233 963/1347 964/964 
s 0
f 967/967 964/964 963/1347 
s 0
f 963/1347 966/1293 967/967 
s 0
f 970/970 967/967 966/1293 
s 0
f 966/1293 969/1349 970/970 
s 0
f 973/973 970/970 969/1349 
s 0
f 969/1349 972/1351 973/973 
s 0
f 976/976 973/973 972/1351 
s 0
f 972/1351 975/1353 976/976 
s 0
f 979/979 976/976 975/1353 
s 0
f 975/1353 978/1246 979/979 
s 0
f 982/982 979/979 978/1246 
s 0
f 978/1246 981/1127 982/982 
s 0
f 985/620 982/982 981/1127 
s 0
f 981/1127 984/1354 985/620 
s 0
f 988/617 985/620 984/1354 
s 0
f 984/1354 987/1356 988/617 
s 0
f 991/130 988/617 987/1356 
s 0
f 987/1356 990/1358 991/130 
s 0
f 959/959 991/130 990/1358 
s 0
f 990/1358 957/1021 959/959 
s 0
f 925/925 923/923 921/1080 
s 0
f 921/1080 924/1217 925/925 
s 0
f 956/956 925/925 924/1217 
s 0
f 924/1217 954/1357 956/956 
s 0
f 953/953 956/956 954/1357 
s 0
f 954/1357 951/1355 953/953 
s 0
f 950/950 953/953 951/1355 
s 0
f 951/1355 948/1239 950/950 
s 0
f 947/947 950/950 948/1239 
s 0
f 948/1239 945/993 947/947 
s 0
f 944/944 947/947 945/993 
s 0
f 945/993 942/1226 944/944 
s 0
f 941/941 944/944 942/1226 
s 0
f 942/1226 939/1352 941/941 
s 0
f 938/938 941/941 939/1352 
s 0
f 939/1352 936/1350 938/938 
s 0
f 935/935 938/938 936/1350 
s 0
f 936/1350 933/1051 935/935 
s 0
f 932/932 935/935 933/1051 
s 0
f 933/1051 930/1348 932/932 
s 0
f 929/929 932/932 930/1348 
s 0
f 930/1348 927/1009 929/929 
s 0
f 923/923 929/929 927/1009 
s 0
f 927/1009 921/1080 923/923 
#end 1638 faces

#ZOMPROPERTIES_04{
#ZOMPROPERTIES_04 table {Mesh table {SymPlane table {Point vector3d 0 0 0 Normal vector3d 1 0 0 Threshold double 0.01 
#ZOMPROPERTIES_04 Enabled bool false EdgeID int -1 SymEdgeID int -1 UPos double 0.5 LocalMode bool false } RootGroup C
#ZOMPROPERTIES_04 SubMeshGroup {Children table {Tile_0_0 CSubMeshGroup {Children table {} BBoxUV box3d 0 0 0 0 0 0 BBo
#ZOMPROPERTIES_04 x3D box3d 0 0 0 0 0 0 Area3D double 0 AreaUV double 0 IsRoot bool false Properties table {Selected b
#ZOMPROPERTIES_04 ool false Box box3d 0 1 0 1 0 1 U int 0 V int 0 NU int 0 NV int 0 Pack table {BoxFrameEdit bool fals
#ZOMPROPERTIES_04 e Behavior string "Free" Locked bool false Scaling table {Optimization string "Fill" } } Hotspot tab
#ZOMPROPERTIES_04 le {} } IsTile bool true ID int 1 PolyIDs ints { 1290 1292 1291 1293 479 481 480 482 511 513 512 514
#ZOMPROPERTIES_04  1354 1356 1355 1357 575 577 576 578 543 545 544 546 1386 1388 1387 1389 1322 1324 1323 1325 495 519
#ZOMPROPERTIES_04  518 506 503 504 501 502 522 523 496 524 525 498 515 516 508 507 510 509 526 500 521 499 505 520 517
#ZOMPROPERTIES_04  497 527 551 550 538 535 536 533 534 554 555 528 556 557 530 547 548 540 539 542 541 558 532 553 531
#ZOMPROPERTIES_04  537 552 549 529 1274 1298 1297 1285 1282 1283 1280 1281 1301 1302 1275 1303 1304 1277 1294 1295 128
#ZOMPROPERTIES_04 7 1286 1289 1288 1305 1279 1300 1278 1284 1299 1296 1276 1306 1330 1329 1317 1314 1315 1312 1313 133
#ZOMPROPERTIES_04 3 1334 1307 1335 1336 1309 1326 1327 1319 1318 1321 1320 1337 1311 1332 1310 1316 1331 1328 1308 463
#ZOMPROPERTIES_04  487 486 474 471 472 469 470 490 491 464 492 493 466 483 484 476 475 478 477 494 468 489 467 473 488
#ZOMPROPERTIES_04  485 465 559 583 582 570 567 568 565 566 586 587 560 588 589 562 579 580 572 571 574 573 590 564 585
#ZOMPROPERTIES_04  563 569 584 581 561 1370 1394 1393 1381 1378 1379 1376 1377 1397 1398 1371 1399 1400 1373 1390 1391
#ZOMPROPERTIES_04  1383 1382 1385 1384 1401 1375 1396 1374 1380 1395 1392 1372 1338 1362 1361 1349 1346 1347 1344 1345
#ZOMPROPERTIES_04  1365 1366 1339 1367 1368 1341 1358 1359 1351 1350 1353 1352 1369 1343 1364 1342 1348 1363 1360 1340
#ZOMPROPERTIES_04  942 944 943 945 131 133 132 134 926 928 927 929 115 117 116 118 39 53 73 87 64 48 42 47 52 44 51 40
#ZOMPROPERTIES_04  54 74 88 65 850 864 884 898 875 859 853 858 863 855 862 851 865 885 899 876 930 933 932 935 934 937
#ZOMPROPERTIES_04  936 939 938 931 940 941 119 122 121 124 123 126 125 128 127 120 129 130 1402 1503 1500 1476 1479 16
#ZOMPROPERTIES_04 22 1621 1620 1619 1618 1617 1616 1615 1614 1637 1636 1635 1634 1633 1632 1631 1630 1629 1628 1627 16
#ZOMPROPERTIES_04 26 1625 1624 1481 1480 1504 1507 1403 1405 1404 1511 1508 1484 1510 1513 1406 1515 1514 1517 1407 14
#ZOMPROPERTIES_04 95 1494 1497 1411 1499 1498 1474 1496 1472 1470 1516 1492 1490 1408 1512 1488 1486 1509 1409 1506 14
#ZOMPROPERTIES_04 82 1505 1483 1485 1487 1489 1491 1493 1471 1473 1475 1623 1478 1477 1502 1501 1410 227 328 325 301 3
#ZOMPROPERTIES_04 04 447 446 445 444 443 442 441 440 439 462 461 460 459 458 457 456 455 454 453 452 451 450 449 306 3
#ZOMPROPERTIES_04 05 329 332 228 230 229 336 333 309 335 338 231 340 339 342 232 320 319 322 236 324 323 299 321 297 2
#ZOMPROPERTIES_04 95 341 317 315 233 337 313 311 334 234 331 307 330 308 310 312 314 316 318 296 298 300 448 303 302 3
#ZOMPROPERTIES_04 27 326 235 1038 1139 1136 1112 1115 1258 1257 1256 1255 1254 1253 1252 1251 1250 1273 1272 1271 1270
#ZOMPROPERTIES_04  1269 1268 1267 1266 1265 1264 1263 1262 1261 1260 1117 1116 1140 1143 1039 1041 1040 1147 1144 1120
#ZOMPROPERTIES_04  1146 1149 1042 1151 1150 1153 1043 1131 1130 1133 1047 1135 1134 1110 1132 1108 1106 1152 1128 1126
#ZOMPROPERTIES_04  1044 1148 1124 1122 1145 1045 1142 1118 1141 1119 1121 1123 1125 1127 1129 1107 1109 1111 1259 1114
#ZOMPROPERTIES_04  1113 1138 1137 1046 614 715 712 688 691 834 833 832 831 830 829 828 827 826 849 848 847 846 845 844
#ZOMPROPERTIES_04  843 842 841 840 839 838 837 836 693 692 716 719 615 617 616 723 720 696 722 725 618 727 726 729 619
#ZOMPROPERTIES_04  707 706 709 623 711 710 686 708 684 682 728 704 702 620 724 700 698 721 621 718 694 717 695 697 699
#ZOMPROPERTIES_04  701 703 705 683 685 687 835 690 689 714 713 622 261 346 343 271 274 417 416 415 438 437 436 435 434
#ZOMPROPERTIES_04  433 432 431 430 429 428 427 426 425 424 423 422 421 420 419 276 275 347 350 262 264 263 354 351 279
#ZOMPROPERTIES_04  353 356 265 358 357 360 266 362 361 364 270 366 365 293 363 291 289 359 287 285 267 355 283 281 352
#ZOMPROPERTIES_04  268 349 277 348 278 280 282 284 286 288 290 292 294 418 273 272 345 344 269 1436 1521 1518 1446 144
#ZOMPROPERTIES_04 9 1592 1591 1590 1613 1612 1611 1610 1609 1608 1607 1606 1605 1604 1603 1602 1601 1600 1599 1598 159
#ZOMPROPERTIES_04 7 1596 1595 1594 1451 1450 1522 1525 1437 1439 1438 1529 1526 1454 1528 1531 1440 1533 1532 1535 144
#ZOMPROPERTIES_04 1 1537 1536 1539 1445 1541 1540 1468 1538 1466 1464 1534 1462 1460 1442 1530 1458 1456 1527 1443 152
#ZOMPROPERTIES_04 4 1452 1523 1453 1455 1457 1459 1461 1463 1465 1467 1469 1593 1448 1447 1520 1519 1444 648 733 730 6
#ZOMPROPERTIES_04 58 661 804 803 802 825 824 823 822 821 820 819 818 817 816 815 814 813 812 811 810 809 808 807 806 6
#ZOMPROPERTIES_04 63 662 734 737 649 651 650 741 738 666 740 743 652 745 744 747 653 749 748 751 657 753 752 680 750 6
#ZOMPROPERTIES_04 78 676 746 674 672 654 742 670 668 739 655 736 664 735 665 667 669 671 673 675 677 679 681 805 660 6
#ZOMPROPERTIES_04 59 732 731 656 1072 1157 1154 1082 1085 1228 1227 1226 1249 1248 1247 1246 1245 1244 1243 1242 1241 
#ZOMPROPERTIES_04 1240 1239 1238 1237 1236 1235 1234 1233 1232 1231 1230 1087 1086 1158 1161 1073 1075 1074 1165 1162 
#ZOMPROPERTIES_04 1090 1164 1167 1076 1169 1168 1171 1077 1173 1172 1175 1081 1177 1176 1104 1174 1102 1100 1170 1098 
#ZOMPROPERTIES_04 1096 1078 1166 1094 1092 1163 1079 1160 1088 1159 1089 1091 1093 1095 1097 1099 1101 1103 1105 1229 
#ZOMPROPERTIES_04 1084 1083 1156 1155 1080 1412 1544 1549 1548 1414 1545 1588 1434 1435 1586 1583 1582 1579 1578 1575 
#ZOMPROPERTIES_04 1574 1571 1570 1567 1566 1563 1562 1559 1558 1555 1554 1551 1550 1417 1416 1552 1557 1556 1561 1560 
#ZOMPROPERTIES_04 1565 1564 1569 1568 1573 1572 1577 1576 1581 1580 1585 1584 1430 1428 1426 1424 1422 1420 1418 1553 
#ZOMPROPERTIES_04 1419 1421 1423 1425 1427 1429 1431 1433 1587 1542 1543 1546 1547 1432 1589 1415 1413 237 369 374 373
#ZOMPROPERTIES_04  239 370 413 259 260 411 408 407 404 403 400 399 396 395 392 391 388 387 384 383 380 379 376 375 242
#ZOMPROPERTIES_04  241 377 382 381 386 385 390 389 394 393 398 397 402 401 406 405 410 409 255 253 251 249 247 245 243
#ZOMPROPERTIES_04  378 244 246 248 250 252 254 256 258 412 367 368 371 372 257 414 240 238 624 756 761 760 626 757 800
#ZOMPROPERTIES_04  646 647 798 795 794 791 790 787 786 783 782 779 778 775 774 771 770 767 766 763 762 629 628 764 769
#ZOMPROPERTIES_04  768 773 772 777 776 781 780 785 784 789 788 793 792 797 796 642 640 638 636 634 632 630 765 631 633
#ZOMPROPERTIES_04  635 637 639 641 643 645 799 754 755 758 759 644 801 627 625 1048 1180 1185 1184 1050 1181 1224 1070
#ZOMPROPERTIES_04  1071 1222 1219 1218 1215 1214 1211 1210 1207 1206 1203 1202 1199 1198 1195 1194 1191 1190 1187 1186
#ZOMPROPERTIES_04  1053 1052 1188 1193 1192 1197 1196 1201 1200 1205 1204 1209 1208 1213 1212 1217 1216 1221 1220 1066
#ZOMPROPERTIES_04  1064 1062 1060 1058 1056 1054 1189 1055 1057 1059 1061 1063 1065 1067 1069 1223 1178 1179 1182 1183
#ZOMPROPERTIES_04  1068 1225 1051 1049 854 871 891 896 874 861 877 879 902 888 870 867 886 900 860 43 60 80 85 63 50 6
#ZOMPROPERTIES_04 6 68 91 77 59 56 75 89 49 23 30 31 32 24 33 34 35 25 36 37 38 26 27 28 29 904 924 918 910 907 911 91
#ZOMPROPERTIES_04 9 905 916 922 908 913 921 917 912 920 925 906 923 915 909 914 93 113 107 99 96 100 108 94 105 111 97
#ZOMPROPERTIES_04  102 110 106 101 109 114 95 112 104 98 103 41 67 90 76 58 46 55 57 79 84 62 71 70 61 92 83 78 72 82 
#ZOMPROPERTIES_04 69 86 81 45 852 878 901 887 869 857 866 868 890 895 873 882 881 872 903 894 889 883 893 880 897 892 
#ZOMPROPERTIES_04 856 2 3 8 22 14 21 13 7 1 6 20 12 19 16 10 4 135 188 185 187 190 136 192 191 194 137 196 195 198 139
#ZOMPROPERTIES_04  200 199 202 140 180 179 182 144 184 183 181 145 148 205 208 170 210 209 212 171 214 213 216 173 218
#ZOMPROPERTIES_04  217 220 174 222 221 224 178 177 176 169 204 225 168 165 166 163 164 161 162 159 160 157 158 155 156
#ZOMPROPERTIES_04  153 154 151 152 149 150 167 203 226 223 219 175 215 211 172 207 206 147 146 201 141 142 197 193 138
#ZOMPROPERTIES_04  189 186 143 946 999 996 998 1001 947 1003 1002 1005 948 1007 1006 1009 950 1011 1010 1013 951 991 9
#ZOMPROPERTIES_04 90 993 955 995 994 992 956 959 1016 1019 981 1021 1020 1023 982 1025 1024 1027 984 1029 1028 1031 98
#ZOMPROPERTIES_04 5 1033 1032 1035 989 988 987 980 1015 1036 979 976 977 974 975 972 973 970 971 968 969 966 967 964 9
#ZOMPROPERTIES_04 65 962 963 960 961 978 1014 1037 1034 1030 986 1026 1022 983 1018 1017 958 957 1012 952 953 1008 100
#ZOMPROPERTIES_04 4 949 1000 997 954 591 613 598 612 611 610 609 608 607 606 605 604 603 602 601 600 599 592 597 594 5
#ZOMPROPERTIES_04 96 595 593 0 5 18 11 17 15 9 } } } BBoxUV box3d 0 0 0 0 0 0 BBox3D box3d 0 0 0 0 0 0 Area3D double 0
#ZOMPROPERTIES_04  AreaUV double 0 IsRoot bool true Properties table {Selected bool false Box box3d 0 1 0 1 0 1 U int 
#ZOMPROPERTIES_04 0 V int 0 NU int 1 NV int 1 Pack table {Rotate table {Initial string "Automatic" Min double 0 Max do
#ZOMPROPERTIES_04 uble 90 Step double 0 } ResolutionDivisor int 0 MapResolution int 2048 UsePixelUnit bool true Paddin
#ZOMPROPERTIES_04 gSize double 0.0078125 MarginSize double 0.00390625 PaddingSizePx int 16 MarginSizePx int 8 Scaling 
#ZOMPROPERTIES_04 table {TexelDensity double 1024 Mode int 2 Optimization string "Fill" } MaxMutations int 1 Strategy 
#ZOMPROPERTIES_04 string "Efficient" Sides string "Closed" BoxFrameEdit bool false Behavior string "Free" Locked bool 
#ZOMPROPERTIES_04 false } Hotspot table {} Tiling vector3d 1 1 1 TileRatioMode string "1:1" } IsTile bool false ID int
#ZOMPROPERTIES_04  0 PolyIDs ints { } } Maps table {Pin CDataMap {PrimType string "Vertex" Size int 1 DefaultValue dou
#ZOMPROPERTIES_04 ble 0 ScaleType string "Normalized" MergeMode string "Max" MinValue double 0 MaxValue double 1 Data 
#ZOMPROPERTIES_04 doubles { r 1358 0 } } Density CDataMap {PrimType string "Polygon" Size int 1 DefaultValue double 1 
#ZOMPROPERTIES_04 ScaleType string "Log" MergeMode string "Average" MinValue double 0.1 MaxValue double 4 Data doubles
#ZOMPROPERTIES_04  { r 1638 1 } } Protect CDataMap {PrimType string "Vertex" Size int 1 DefaultValue double 0 ScaleTyp
#ZOMPROPERTIES_04 e string "Normalized" MergeMode string "Average" MinValue double -1 MaxValue double 1 Data doubles {
#ZOMPROPERTIES_04  r 1358 0 } } } } }
#ZOMPROPERTIES_04}


#ZOMSCENE_01{
#ZOMSCENE_01 CScene {Settings table {AxisSystem table {UpVector string "y" } Unit string "in" TexelDensityDisplay
#ZOMSCENE_01 Unit string "tx/cm" } Root CXForm {Box001 CPrim {PolyRange table {Low int 0 High int 38 } } Box004 C
#ZOMSCENE_01 Prim {PolyRange table {Low int 39 High int 92 } } Box005 CPrim {PolyRange table {Low int 93 High int
#ZOMSCENE_01  114 } } Cylinder010 CPrim {PolyRange table {Low int 115 High int 134 } } Cylinder012 CPrim {PolyRan
#ZOMSCENE_01 ge table {Low int 135 High int 226 } } Cylinder013 CPrim {PolyRange table {Low int 227 High int 462 
#ZOMSCENE_01 } } Cylinder014 CPrim {PolyRange table {Low int 463 High int 494 } } Cylinder015 CPrim {PolyRange ta
#ZOMSCENE_01 ble {Low int 495 High int 526 } } Cylinder016 CPrim {PolyRange table {Low int 527 High int 558 } } C
#ZOMSCENE_01 ylinder017 CPrim {PolyRange table {Low int 559 High int 590 } } Object001 CPrim {PolyRange table {Lo
#ZOMSCENE_01 w int 591 High int 613 } } Cylinder018 CPrim {PolyRange table {Low int 614 High int 849 } } Box006 C
#ZOMSCENE_01 Prim {PolyRange table {Low int 850 High int 903 } } Box007 CPrim {PolyRange table {Low int 904 High 
#ZOMSCENE_01 int 925 } } Cylinder019 CPrim {PolyRange table {Low int 926 High int 945 } } Cylinder020 CPrim {Poly
#ZOMSCENE_01 Range table {Low int 946 High int 1037 } } Cylinder021 CPrim {PolyRange table {Low int 1038 High int
#ZOMSCENE_01  1273 } } Cylinder022 CPrim {PolyRange table {Low int 1274 High int 1305 } } Cylinder023 CPrim {Poly
#ZOMSCENE_01 Range table {Low int 1306 High int 1337 } } Cylinder024 CPrim {PolyRange table {Low int 1338 High in
#ZOMSCENE_01 t 1369 } } Cylinder025 CPrim {PolyRange table {Low int 1370 High int 1401 } } Cylinder026 CPrim {Pol
#ZOMSCENE_01 yRange table {Low int 1402 High int 1637 } } } }
#ZOMSCENE_01}

#begin 0 fatal error vertex (that RizomUV cannot handle)
#end 0 fatal error vertex (that RizomUV cannot handle)

#begin 0 error vertex
#end 0 error vertex
